rank,player,team,position,goals,assists_x,minutes_played,source_url,retrieved_date,assists_y,attempts_on_target,attempts_at_goal,attempts_at_goal_conversion_pct,attempts_inside_penalty_area,attempts_outside_penalty_area,headed_attempts_at_goal,xg,xg_efficiency,corners,passes,passes_completed,passing_accuracy_pct,crosses,crossing_accuracy_pct,take_ons_completed,defensive_linebreaks_attempted,defensive_linebreaks_accuracy_pct,switches_of_play_attempted,switches_of_play_accuracy_pct,own_goals,forced_turnovers,defensive_pressures_applied,defensive_pressures_directly_applied,top_speed_kmh,high_speed_running,sprints,total_distance_metres,reached_knockout,attempts_at_goal_per90,forced_turnovers_per90,total_distance_km_per90,direct_pressure_share_pct
125,Michal Sadilek,CZE,MF,1,0,204,https://www.fifa.com/en/tournaments/mens/worldcup/canadamexicousa2026/statistics/player-statistics,2026-08-31,0.0,3.0,7.0,14.0,5.0,2.0,1.0,0.7,1.42x,5.0,84.0,69.0,82.0,11.0,18.0,0.0,4.0,50.0,2.0,100.0,0.0,10.0,75.0,4.0,,,,,False,3.088235294117647,4.411764705882353,,5.333333333333333
1044,Jose Luis Rodriguez,PAN,MF,0,0,251,https://www.fifa.com/en/tournaments/mens/worldcup/canadamexicousa2026/statistics/player-statistics,2026-09-10,0.0,1.0,3.0,0.0,1.0,2.0,0.0,0.24,0x,3.0,,,,,,,,,,,0.0,20.0,88.0,12.0,,,,,False,1.0756972111553784,7.171314741035856,,13.636363636363637
1017,Ivan Sunjic,BIH,MF,0,0,221,https://www.fifa.com/en/tournaments/mens/worldcup/canadamexicousa2026/statistics/player-statistics,2026-08-31,0.0,1.0,1.0,0.0,0.0,1.0,0.0,0.09,0x,0.0,102.0,88.0,86.0,1.0,0.0,0.0,2.0,0.0,1.0,0.0,0.0,20.0,78.0,21.0,,,,,True,0.4072398190045249,8.144796380090497,,26.923076923076923
1028,Gilberto Mora,MEX,MF,0,0,236,https://www.fifa.com/en/tournaments/mens/worldcup/canadamexicousa2026/statistics/player-statistics,2026-09-10,0.0,0.0,5.0,0.0,3.0,2.0,0.0,0.13,0x,2.0,87.0,79.0,91.0,5.0,20.0,2.0,5.0,80.0,1.0,100.0,0.0,15.0,96.0,9.0,,,,,True,1.906779661016949,5.720338983050847,,9.375
222,Paul Okon Engstler,AUS,MF,0,1,214,https://www.fifa.com/en/tournaments/mens/worldcup/canadamexicousa2026/statistics/player-statistics,2026-08-31,,,,,,,,,,,89.0,77.0,87.0,1.0,100.0,1.0,6.0,83.0,2.0,100.0,0.0,9.0,78.0,5.0,,,,,True,,3.785046728971962,,6.410256410256411
212,Alexandr Sojka,CZE,MF,0,1,155,https://www.fifa.com/en/tournaments/mens/worldcup/canadamexicousa2026/statistics/player-statistics,2026-08-31,,,,,,,,,,,,,,,,,,,,,0.0,18.0,84.0,9.0,,,,,False,,10.451612903225806,,10.714285714285714
110,Alvaro Fidalgo,MEX,MF,1,0,117,https://www.fifa.com/en/tournaments/mens/worldcup/canadamexicousa2026/statistics/player-statistics,2026-08-31,0.0,2.0,3.0,33.0,2.0,1.0,0.0,0.35,2.85x,0.0,,,,,,,,,,,0.0,6.0,35.0,4.0,,,,,True,2.3076923076923075,4.615384615384615,,11.428571428571429
1069,Otabek Shukurov,UZB,MF,0,0,268,https://www.fifa.com/en/tournaments/mens/worldcup/canadamexicousa2026/statistics/player-statistics,2026-09-10,0.0,0.0,2.0,0.0,0.0,2.0,0.0,0.08,0x,0.0,117.0,103.0,88.0,1.0,0.0,2.0,3.0,33.0,3.0,100.0,0.0,5.0,96.0,12.0,,,,,False,0.6716417910447761,1.67910447761194,,12.5
1012,Damian Bobadilla,PAR,MF,0,0,216,https://www.fifa.com/en/tournaments/mens/worldcup/canadamexicousa2026/statistics/player-statistics,2026-08-31,,,,,,,,,,,,,,,,,,,,,1.0,5.0,95.0,22.0,,,,,True,,2.083333333333333,,23.157894736842106
1122,Marko Stamenic,NZL,MF,0,0,302,https://www.fifa.com/en/tournaments/mens/worldcup/canadamexicousa2026/statistics/player-statistics,2026-09-10,0.0,0.0,3.0,0.0,1.0,2.0,0.0,0.09,0x,0.0,171.0,156.0,91.0,2.0,50.0,2.0,9.0,44.0,1.0,100.0,0.0,10.0,67.0,18.0,,,,,False,0.8940397350993378,2.980132450331126,,26.865671641791046
156,Connor Metcalfe,AUS,MF,1,0,354,https://www.fifa.com/en/tournaments/mens/worldcup/canadamexicousa2026/statistics/player-statistics,2026-08-31,0.0,2.0,5.0,20.0,1.0,4.0,0.0,0.11,9.21x,3.0,,,,,,,,,,,0.0,28.0,180.0,11.0,,,,,True,1.271186440677966,7.118644067796611,,6.111111111111111
220,Lucas Bergvall,SWE,MF,0,1,207,https://www.fifa.com/en/tournaments/mens/worldcup/canadamexicousa2026/statistics/player-statistics,2026-08-31,1.0,0.0,2.0,0.0,2.0,0.0,1.0,0.68,0x,0.0,88.0,80.0,91.0,2.0,0.0,2.0,2.0,100.0,0.0,0.0,0.0,10.0,60.0,13.0,32.58,283.0,89.0,23862.93,True,0.8695652173913043,4.3478260869565215,10.375186956521738,21.666666666666668
1216,Moises Caicedo,ECU,MF,0,0,407,https://www.fifa.com/en/tournaments/mens/worldcup/canadamexicousa2026/statistics/player-statistics,2026-09-10,0.0,1.0,4.0,0.0,1.0,3.0,1.0,0.19,0x,8.0,295.0,264.0,89.0,16.0,44.0,0.0,13.0,54.0,3.0,100.0,0.0,16.0,83.0,28.0,34.49,505.0,134.0,42353.4,True,0.8845208845208845,3.538083538083538,9.365616707616708,33.734939759036145
174,Granit Xhaka,SUI,MF,1,0,673,https://www.fifa.com/en/tournaments/mens/worldcup/canadamexicousa2026/statistics/player-statistics,2026-08-31,0.0,2.0,9.0,11.0,1.0,8.0,0.0,1.16,0.86x,0.0,470.0,427.0,91.0,4.0,0.0,2.0,15.0,47.0,8.0,100.0,0.0,28.0,116.0,18.0,,,,,True,1.2035661218424962,3.7444279346211,,15.517241379310345
1082,Djibril Sow,SUI,MF,0,0,276,https://www.fifa.com/en/tournaments/mens/worldcup/canadamexicousa2026/statistics/player-statistics,2026-09-10,0.0,1.0,2.0,0.0,1.0,1.0,0.0,0.23,0x,0.0,97.0,83.0,86.0,4.0,25.0,0.0,7.0,57.0,1.0,100.0,0.0,8.0,54.0,5.0,,,,,True,0.6521739130434783,2.608695652173913,,9.25925925925926
913,Ismail Yuksek,TUR,MF,0,0,153,https://www.fifa.com/en/tournaments/mens/worldcup/canadamexicousa2026/statistics/player-statistics,2026-08-31,0.0,0.0,5.0,0.0,3.0,2.0,1.0,0.32,0x,0.0,111.0,104.0,94.0,1.0,0.0,3.0,2.0,50.0,2.0,100.0,0.0,16.0,34.0,13.0,,,,,False,2.9411764705882355,9.411764705882351,,38.23529411764706
849,Ben Old,NZL,MF,0,0,112,https://www.fifa.com/en/tournaments/mens/worldcup/canadamexicousa2026/statistics/player-statistics,2026-08-31,,,,,,,,,,,,,,,,,,,,,0.0,2.0,28.0,4.0,,,,,False,,1.607142857142857,,14.285714285714286
128,Mauricio,PAR,MF,1,0,208,https://www.fifa.com/en/tournaments/mens/worldcup/canadamexicousa2026/statistics/player-statistics,2026-08-31,0.0,3.0,4.0,25.0,2.0,2.0,0.0,0.32,3.12x,5.0,,,,,,,,,,,0.0,10.0,75.0,4.0,,,,,True,1.7307692307692308,4.3269230769230775,,5.333333333333333
894,Azizjon Ganiev,UZB,MF,0,0,140,https://www.fifa.com/en/tournaments/mens/worldcup/canadamexicousa2026/statistics/player-statistics,2026-08-31,0.0,0.0,1.0,0.0,0.0,1.0,0.0,0.01,0x,1.0,,,,,,,,,,,0.0,6.0,79.0,11.0,,,,,False,0.6428571428571428,3.857142857142857,,13.924050632911392
1079,Joe Bell,NZL,MF,0,0,275,https://www.fifa.com/en/tournaments/mens/worldcup/canadamexicousa2026/statistics/player-statistics,2026-09-10,0.0,0.0,1.0,0.0,0.0,1.0,0.0,0.01,0x,0.0,143.0,120.0,84.0,0.0,0.0,2.0,0.0,0.0,1.0,100.0,0.0,27.0,98.0,22.0,,,,,False,0.3272727272727272,8.836363636363636,,22.448979591836736
1130,Miguel Almiron,PAR,MF,0,0,306,https://www.fifa.com/en/tournaments/mens/worldcup/canadamexicousa2026/statistics/player-statistics,2026-09-10,0.0,0.0,4.0,0.0,1.0,3.0,0.0,0.11,0x,2.0,,,,,,,,,,,0.0,17.0,123.0,21.0,33.26,357.0,129.0,33177.48,True,1.1764705882352942,5.0,9.758082352941177,17.073170731707318
901,Kenny Mclean,SCO,MF,0,0,144,https://www.fifa.com/en/tournaments/mens/worldcup/canadamexicousa2026/statistics/player-statistics,2026-08-31,0.0,0.0,1.0,0.0,0.0,1.0,0.0,0.01,0x,0.0,,,,,,,,,,,0.0,4.0,31.0,6.0,,,,,False,0.625,2.5,,19.35483870967742
905,Jesper Karlstrom,SWE,MF,0,0,147,https://www.fifa.com/en/tournaments/mens/worldcup/canadamexicousa2026/statistics/player-statistics,2026-08-31,0.0,0.0,1.0,0.0,1.0,0.0,0.0,0.05,0x,0.0,,,,,,,,,,,0.0,7.0,38.0,7.0,,,,,True,0.6122448979591837,4.285714285714286,,18.42105263157895
1215,Aiden Oneill,AUS,MF,0,0,406,https://www.fifa.com/en/tournaments/mens/worldcup/canadamexicousa2026/statistics/player-statistics,2026-09-10,0.0,0.0,2.0,0.0,1.0,1.0,0.0,0.07,0x,4.0,172.0,142.0,83.0,8.0,50.0,3.0,12.0,42.0,3.0,33.0,0.0,25.0,105.0,15.0,32.78,648.0,186.0,47323.13,True,0.4433497536945813,5.541871921182266,10.490349014778324,14.285714285714286
1048,Jackson Irvine,AUS,MF,0,0,255,https://www.fifa.com/en/tournaments/mens/worldcup/canadamexicousa2026/statistics/player-statistics,2026-09-10,0.0,1.0,3.0,0.0,3.0,0.0,1.0,0.21,0x,0.0,124.0,103.0,83.0,2.0,50.0,1.0,2.0,0.0,2.0,100.0,0.0,7.0,80.0,11.0,,,,,True,1.0588235294117647,2.4705882352941178,,13.75
229,Akmal Mozgovoy,UZB,MF,0,1,243,https://www.fifa.com/en/tournaments/mens/worldcup/canadamexicousa2026/statistics/player-statistics,2026-08-31,1.0,0.0,1.0,0.0,1.0,0.0,0.0,0.08,0x,0.0,,,,,,,,,,,0.0,5.0,83.0,8.0,,,,,False,0.3703703703703704,1.851851851851852,,9.63855421686747
911,Tomas Soucek,CZE,MF,0,0,152,https://www.fifa.com/en/tournaments/mens/worldcup/canadamexicousa2026/statistics/player-statistics,2026-08-31,0.0,0.0,1.0,0.0,1.0,0.0,0.0,0.12,0x,0.0,,,,,,,,,,,0.0,4.0,42.0,5.0,,,,,False,0.5921052631578947,2.3684210526315788,,11.904761904761905
891,Lukas Provod,CZE,MF,0,0,137,https://www.fifa.com/en/tournaments/mens/worldcup/canadamexicousa2026/statistics/player-statistics,2026-08-31,0.0,0.0,1.0,0.0,0.0,1.0,0.0,0.05,0x,0.0,,,,,,,,,,,0.0,9.0,49.0,5.0,33.3,228.0,88.0,16011.22,False,0.656934306569343,5.912408759124088,10.518319708029196,10.204081632653061
1133,Scott Mctominay,SCO,MF,0,0,306,https://www.fifa.com/en/tournaments/mens/worldcup/canadamexicousa2026/statistics/player-statistics,2026-09-10,0.0,3.0,8.0,0.0,8.0,0.0,3.0,0.65,0x,0.0,96.0,87.0,91.0,0.0,0.0,4.0,1.0,100.0,2.0,100.0,0.0,11.0,103.0,6.0,,,,,False,2.3529411764705883,3.2352941176470584,,5.825242718446602
214,Orkun Kokcu,TUR,MF,0,1,172,https://www.fifa.com/en/tournaments/mens/worldcup/canadamexicousa2026/statistics/player-statistics,2026-08-31,1.0,0.0,3.0,0.0,2.0,1.0,0.0,0.56,0x,2.0,85.0,60.0,71.0,6.0,0.0,2.0,4.0,25.0,0.0,0.0,0.0,7.0,37.0,9.0,,,,,False,1.569767441860465,3.662790697674419,,24.324324324324323
1001,Hakan Calhanoglu,TUR,MF,0,0,208,https://www.fifa.com/en/tournaments/mens/worldcup/canadamexicousa2026/statistics/player-statistics,2026-08-31,0.0,2.0,11.0,0.0,2.0,9.0,0.0,0.4,0x,8.0,190.0,171.0,90.0,10.0,10.0,0.0,5.0,60.0,7.0,86.0,0.0,11.0,28.0,5.0,,,,,False,4.759615384615384,4.759615384615384,,17.857142857142858
258,Erik Lira,MEX,MF,0,1,391,https://www.fifa.com/en/tournaments/mens/worldcup/canadamexicousa2026/statistics/player-statistics,2026-08-31,,,,,,,,,,,199.0,182.0,91.0,2.0,100.0,2.0,2.0,0.0,5.0,100.0,0.0,17.0,81.0,26.0,33.0,497.0,137.0,43502.52,True,,3.9130434782608696,10.01336777493606,32.098765432098766
952,Michel Aebischer,SUI,MF,0,0,176,https://www.fifa.com/en/tournaments/mens/worldcup/canadamexicousa2026/statistics/player-statistics,2026-08-31,0.0,1.0,2.0,0.0,2.0,0.0,1.0,0.34,0x,5.0,,,,,,,,,,,0.0,8.0,52.0,6.0,,,,,True,1.0227272727272727,4.090909090909091,,11.538461538461538
1291,Remo Freuler,SUI,MF,0,0,654,https://www.fifa.com/en/tournaments/mens/worldcup/canadamexicousa2026/statistics/player-statistics,2026-09-10,0.0,1.0,2.0,0.0,1.0,1.0,0.0,0.07,0x,0.0,324.0,299.0,92.0,5.0,20.0,0.0,7.0,71.0,2.0,0.0,0.0,27.0,193.0,31.0,,,,,True,0.2752293577981651,3.7155963302752295,,16.06217616580311
41,Malik Tillman,USA,MF,2,1,415,https://www.fifa.com/en/tournaments/mens/worldcup/canadamexicousa2026/statistics/player-statistics,2026-08-31,1.0,4.0,8.0,25.0,5.0,3.0,0.0,0.73,2.75x,10.0,163.0,129.0,79.0,15.0,27.0,7.0,18.0,50.0,2.0,100.0,0.0,15.0,115.0,25.0,32.88,607.0,215.0,44391.65,True,1.7349397590361448,3.253012048192771,9.627104819277108,21.73913043478261
946,Callum Mccowatt,NZL,MF,0,0,173,https://www.fifa.com/en/tournaments/mens/worldcup/canadamexicousa2026/statistics/player-statistics,2026-08-31,0.0,3.0,4.0,0.0,3.0,1.0,1.0,0.21,0x,0.0,93.0,78.0,84.0,2.0,0.0,1.0,3.0,33.0,0.0,0.0,0.0,9.0,55.0,11.0,,,,,False,2.0809248554913293,4.682080924855492,,20.0
13,Johan Manzambi,SUI,MF,3,2,220,https://www.fifa.com/en/tournaments/mens/worldcup/canadamexicousa2026/statistics/player-statistics,2026-08-31,2.0,3.0,6.0,50.0,4.0,2.0,0.0,0.63,4.73x,0.0,,,,,,,,,,,0.0,14.0,102.0,13.0,33.9,345.0,113.0,24380.51,True,2.4545454545454546,5.727272727272727,9.973845,12.745098039215685
1032,Juan Manuel Sanabria,URU,MF,0,0,237,https://www.fifa.com/en/tournaments/mens/worldcup/canadamexicousa2026/statistics/player-statistics,2026-09-10,0.0,0.0,3.0,0.0,2.0,1.0,0.0,0.09,0x,0.0,103.0,89.0,86.0,12.0,0.0,0.0,4.0,75.0,0.0,0.0,0.0,9.0,51.0,12.0,32.57,320.0,129.0,25094.45,False,1.139240506329114,3.4177215189873418,9.529537974683544,23.529411764705884
943,Lukas Cerv,CZE,MF,0,0,172,https://www.fifa.com/en/tournaments/mens/worldcup/canadamexicousa2026/statistics/player-statistics,2026-08-31,0.0,2.0,3.0,0.0,1.0,2.0,0.0,0.06,0x,0.0,,,,,,,,,,,0.0,6.0,27.0,11.0,,,,,False,1.569767441860465,3.13953488372093,,40.74074074074074
851,Ryan Christie,SCO,MF,0,0,114,https://www.fifa.com/en/tournaments/mens/worldcup/canadamexicousa2026/statistics/player-statistics,2026-08-31,0.0,0.0,2.0,0.0,1.0,1.0,0.0,0.15,0x,0.0,,,,,,,,,,,0.0,3.0,52.0,8.0,,,,,False,1.5789473684210529,2.3684210526315788,,15.384615384615385
967,Lawrence Shankland,SCO,FW,0,0,183,https://www.fifa.com/en/tournaments/mens/worldcup/canadamexicousa2026/statistics/player-statistics,2026-08-31,0.0,0.0,4.0,0.0,4.0,0.0,2.0,0.35,0x,0.0,,,,,,,,,,,0.0,4.0,61.0,9.0,,,,,False,1.9672131147540983,1.9672131147540983,,14.754098360655737
193,Dani Olmo,ESP,FW,0,2,535,https://www.fifa.com/en/tournaments/mens/worldcup/canadamexicousa2026/statistics/player-statistics,2026-08-31,2.0,2.0,13.0,0.0,7.0,6.0,2.0,1.16,0x,0.0,229.0,207.0,90.0,2.0,0.0,15.0,17.0,76.0,3.0,100.0,0.0,37.0,305.0,24.0,,,,,True,2.1869158878504678,6.224299065420561,,7.868852459016393
38,Ruben Vargas,SUI,FW,2,1,314,https://www.fifa.com/en/tournaments/mens/worldcup/canadamexicousa2026/statistics/player-statistics,2026-08-31,1.0,4.0,6.0,33.0,4.0,2.0,0.0,1.31,1.53x,11.0,88.0,65.0,74.0,24.0,25.0,7.0,16.0,44.0,0.0,0.0,0.0,14.0,94.0,19.0,34.31,373.0,170.0,31605.36,True,1.719745222929936,4.012738853503184,9.058861146496817,20.21276595744681
921,Che Adams,SCO,FW,0,0,160,https://www.fifa.com/en/tournaments/mens/worldcup/canadamexicousa2026/statistics/player-statistics,2026-08-31,0.0,1.0,1.0,0.0,1.0,0.0,0.0,0.15,0x,0.0,,,,,,,,,,,0.0,6.0,73.0,4.0,33.82,192.0,75.0,17234.99,False,0.5625,3.375,9.694681875000002,5.47945205479452
120,Gabriel Martinelli,BRA,FW,1,0,171,https://www.fifa.com/en/tournaments/mens/worldcup/canadamexicousa2026/statistics/player-statistics,2026-08-31,0.0,1.0,2.0,50.0,1.0,1.0,0.0,0.49,2.04x,0.0,,,,,,,,,,,0.0,6.0,60.0,9.0,34.09,216.0,87.0,18477.89,True,1.0526315789473684,3.1578947368421053,9.725205263157893,15.0
9,Julian Quinones,MEX,FW,4,1,440,https://www.fifa.com/en/tournaments/mens/worldcup/canadamexicousa2026/statistics/player-statistics,2026-08-31,1.0,6.0,14.0,29.0,8.0,6.0,2.0,2.27,1.76x,0.0,135.0,111.0,82.0,4.0,50.0,5.0,7.0,100.0,2.0,100.0,0.0,13.0,162.0,12.0,33.01,581.0,251.0,47274.89,True,2.8636363636363638,2.659090909090909,9.669863863636364,7.407407407407407
1040,Ricardo Pepi,USA,FW,0,0,247,https://www.fifa.com/en/tournaments/mens/worldcup/canadamexicousa2026/statistics/player-statistics,2026-09-10,0.0,0.0,5.0,0.0,5.0,0.0,2.0,0.38,0x,0.0,,,,,,,,,,,0.0,18.0,84.0,15.0,33.24,366.0,148.0,27870.91,True,1.8218623481781375,6.558704453441295,10.155392307692308,17.857142857142858
153,Arda Guler,TUR,FW,1,0,313,https://www.fifa.com/en/tournaments/mens/worldcup/canadamexicousa2026/statistics/player-statistics,2026-08-31,0.0,4.0,12.0,8.0,3.0,9.0,0.0,0.75,1.34x,11.0,198.0,170.0,86.0,14.0,29.0,6.0,9.0,67.0,5.0,80.0,0.0,12.0,62.0,7.0,,,,,False,3.450479233226837,3.450479233226837,,11.290322580645162
30,Breel Embolo,SUI,FW,2,2,531,https://www.fifa.com/en/tournaments/mens/worldcup/canadamexicousa2026/statistics/player-statistics,2026-08-31,2.0,5.0,10.0,20.0,8.0,2.0,2.0,2.58,0.78x,0.0,,,,,,,,,,,0.0,40.0,177.0,25.0,34.75,468.0,235.0,49484.27,True,1.694915254237288,6.779661016949152,8.387164406779661,14.124293785310735
983,Patrik Schick,CZE,FW,0,0,199,https://www.fifa.com/en/tournaments/mens/worldcup/canadamexicousa2026/statistics/player-statistics,2026-08-31,0.0,1.0,2.0,0.0,2.0,0.0,2.0,0.27,0x,0.0,,,,,,,,,,,0.0,7.0,74.0,4.0,,,,,False,0.9045226130653268,3.1658291457286434,,5.405405405405405
793,Ajdin Hrustic,AUS,FW,0,0,90,https://www.fifa.com/en/tournaments/mens/worldcup/canadamexicousa2026/statistics/player-statistics,2026-08-31,0.0,0.0,3.0,0.0,2.0,1.0,0.0,0.11,0x,1.0,,,,,,,,,,,0.0,5.0,40.0,2.0,,,,,True,3.0,5.0,,5.0
64,Viktor Gyokeres,SWE,FW,1,2,400,https://www.fifa.com/en/tournaments/mens/worldcup/canadamexicousa2026/statistics/player-statistics,2026-08-31,2.0,6.0,12.0,8.0,9.0,3.0,0.0,1.39,0.72x,0.0,,,,,,,,,,,0.0,14.0,75.0,4.0,34.75,426.0,177.0,42857.3,True,2.7,3.1500000000000004,9.6428925,5.333333333333333
213,Nico Williams,ESP,FW,0,1,159,https://www.fifa.com/en/tournaments/mens/worldcup/canadamexicousa2026/statistics/player-statistics,2026-08-31,1.0,2.0,4.0,0.0,2.0,2.0,1.0,0.56,0x,3.0,,,,,,,,,,,0.0,11.0,42.0,1.0,33.89,185.0,116.0,16643.75,True,2.2641509433962264,6.226415094339623,9.420990566037736,2.380952380952381
1042,Kenan Yildiz,TUR,FW,0,0,249,https://www.fifa.com/en/tournaments/mens/worldcup/canadamexicousa2026/statistics/player-statistics,2026-09-10,0.0,1.0,14.0,0.0,11.0,3.0,0.0,0.38,0x,0.0,121.0,108.0,89.0,8.0,13.0,8.0,10.0,70.0,1.0,0.0,0.0,7.0,32.0,5.0,,,,,False,5.0602409638554215,2.5301204819277108,,15.625
187,Chris Wood,NZL,FW,0,2,306,https://www.fifa.com/en/tournaments/mens/worldcup/canadamexicousa2026/statistics/player-statistics,2026-08-31,2.0,2.0,5.0,0.0,3.0,2.0,2.0,0.47,0x,0.0,,,,,,,,,,,0.0,8.0,88.0,5.0,,,,,False,1.4705882352941178,2.3529411764705883,,5.681818181818182
1004,Pavel Sulc,CZE,FW,0,0,209,https://www.fifa.com/en/tournaments/mens/worldcup/canadamexicousa2026/statistics/player-statistics,2026-08-31,0.0,0.0,2.0,0.0,0.0,2.0,0.0,0.03,0x,0.0,,,,,,,,,,,0.0,6.0,104.0,12.0,33.0,338.0,102.0,22856.82,False,0.8612440191387559,2.583732057416268,9.84264976076555,11.538461538461538
964,Mohamed Toure,AUS,FW,0,0,182,https://www.fifa.com/en/tournaments/mens/worldcup/canadamexicousa2026/statistics/player-statistics,2026-08-31,0.0,1.0,4.0,0.0,4.0,0.0,1.0,0.26,0x,0.0,,,,,,,,,,,0.0,3.0,86.0,5.0,35.77,217.0,79.0,19508.03,True,1.978021978021978,1.4835164835164836,9.64682802197802,5.813953488372093
142,Nestory Irankunda,AUS,FW,1,0,285,https://www.fifa.com/en/tournaments/mens/worldcup/canadamexicousa2026/statistics/player-statistics,2026-08-31,0.0,3.0,6.0,17.0,4.0,2.0,1.0,0.81,1.23x,0.0,,,,,,,,,,,0.0,13.0,116.0,3.0,35.13,263.0,129.0,27279.0,True,1.894736842105263,4.105263157894737,8.61442105263158,2.586206896551724
806,Oguz Aydin,TUR,FW,0,0,97,https://www.fifa.com/en/tournaments/mens/worldcup/canadamexicousa2026/statistics/player-statistics,2026-08-31,,,,,,,,,,,,,,,,,,,,,0.0,3.0,24.0,9.0,34.51,103.0,55.0,10321.84,False,,2.783505154639175,9.576964948453607,37.5
21,Matheus Cunha,BRA,FW,3,0,324,https://www.fifa.com/en/tournaments/mens/worldcup/canadamexicousa2026/statistics/player-statistics,2026-08-31,0.0,4.0,10.0,30.0,5.0,5.0,1.0,1.21,2.49x,3.0,90.0,78.0,87.0,5.0,0.0,3.0,11.0,36.0,0.0,0.0,0.0,9.0,133.0,16.0,,,,,True,2.7777777777777777,2.5,,12.030075187969924
177,Lamine Yamal,ESP,FW,1,0,697,https://www.fifa.com/en/tournaments/mens/worldcup/canadamexicousa2026/statistics/player-statistics,2026-08-31,0.0,12.0,27.0,4.0,13.0,14.0,0.0,2.44,0.41x,15.0,265.0,225.0,85.0,40.0,20.0,35.0,36.0,72.0,3.0,100.0,0.0,22.0,147.0,27.0,32.92,559.0,262.0,64219.36,True,3.486370157819225,2.840746054519369,8.292313342898135,18.367346938775512
7,Mikel Oyarzabal,ESP,FW,5,1,664,https://www.fifa.com/en/tournaments/mens/worldcup/canadamexicousa2026/statistics/player-statistics,2026-08-31,1.0,12.0,23.0,22.0,16.0,7.0,5.0,4.33,1.14x,0.0,149.0,124.0,83.0,8.0,13.0,2.0,4.0,25.0,2.0,50.0,0.0,58.0,272.0,16.0,,,,,True,3.1174698795180724,7.86144578313253,,5.882352941176471
83,Ferran Torres,ESP,FW,1,1,349,https://www.fifa.com/en/tournaments/mens/worldcup/canadamexicousa2026/statistics/player-statistics,2026-08-31,1.0,4.0,14.0,7.0,13.0,1.0,5.0,2.72,0.37x,0.0,86.0,63.0,73.0,6.0,0.0,2.0,12.0,50.0,0.0,0.0,0.0,8.0,94.0,11.0,33.56,345.0,197.0,35975.8,True,3.6103151862464182,2.0630372492836675,9.277426934097422,11.702127659574469
52,Dan Ndoye,SUI,FW,2,0,437,https://www.fifa.com/en/tournaments/mens/worldcup/canadamexicousa2026/statistics/player-statistics,2026-08-31,0.0,8.0,16.0,13.0,15.0,1.0,1.0,0.86,2.31x,0.0,92.0,73.0,79.0,13.0,15.0,8.0,10.0,50.0,0.0,0.0,0.0,32.0,141.0,20.0,33.63,509.0,248.0,44247.46,True,3.2951945080091534,6.590389016018307,9.112749199084666,14.184397163120567
22,Folarin Balogun,USA,FW,3,0,348,https://www.fifa.com/en/tournaments/mens/worldcup/canadamexicousa2026/statistics/player-statistics,2026-08-31,0.0,5.0,14.0,21.0,14.0,0.0,2.0,2.02,1.49x,0.0,,,,,,,,,,,0.0,29.0,106.0,7.0,35.6,329.0,183.0,34951.64,True,3.6206896551724137,7.5,9.039217241379308,6.60377358490566
795,Mohamed Manai,QAT,FW,0,0,91,https://www.fifa.com/en/tournaments/mens/worldcup/canadamexicousa2026/statistics/player-statistics,2026-08-31,,,,,,,,,,,,,,,,,,,,,1.0,2.0,52.0,3.0,,,,,False,,1.978021978021978,,5.769230769230769
977,Edin Dzeko,BIH,FW,0,0,196,https://www.fifa.com/en/tournaments/mens/worldcup/canadamexicousa2026/statistics/player-statistics,2026-08-31,0.0,0.0,3.0,0.0,3.0,0.0,0.0,0.2,0x,0.0,,,,,,,,,,,0.0,4.0,69.0,1.0,,,,,True,1.3775510204081631,1.8367346938775508,,1.4492753623188406
90,Luis Diaz,COL,FW,1,1,525,https://www.fifa.com/en/tournaments/mens/worldcup/canadamexicousa2026/statistics/player-statistics,2026-08-31,1.0,7.0,19.0,5.0,15.0,4.0,0.0,1.47,0.68x,3.0,166.0,145.0,87.0,6.0,17.0,7.0,14.0,50.0,10.0,100.0,0.0,29.0,103.0,11.0,35.13,510.0,248.0,52994.8,True,3.257142857142857,4.971428571428572,9.084822857142855,10.679611650485437
942,Adam Hlozek,CZE,FW,0,0,172,https://www.fifa.com/en/tournaments/mens/worldcup/canadamexicousa2026/statistics/player-statistics,2026-08-31,0.0,1.0,3.0,0.0,2.0,1.0,0.0,0.31,0x,0.0,,,,,,,,,,,0.0,6.0,92.0,7.0,32.72,251.0,94.0,19420.45,False,1.569767441860465,3.13953488372093,10.161863372093023,7.608695652173913
113,Aymen Hussein,IRQ,FW,1,0,128,https://www.fifa.com/en/tournaments/mens/worldcup/canadamexicousa2026/statistics/player-statistics,2026-08-31,0.0,1.0,3.0,33.0,3.0,0.0,3.0,0.18,5.42x,0.0,,,,,,,,,,,1.0,5.0,60.0,3.0,,,,,False,2.109375,3.515625,,5.0
210,Kevin Rodriguez,ECU,FW,0,1,146,https://www.fifa.com/en/tournaments/mens/worldcup/canadamexicousa2026/statistics/player-statistics,2026-08-31,1.0,1.0,6.0,0.0,6.0,0.0,2.0,0.68,0x,0.0,,,,,,,,,,,0.0,2.0,26.0,6.0,33.36,187.0,89.0,15137.76,True,3.698630136986301,1.2328767123287672,9.33149589041096,23.076923076923077
47,Anthony Elanga,SWE,FW,2,0,247,https://www.fifa.com/en/tournaments/mens/worldcup/canadamexicousa2026/statistics/player-statistics,2026-08-31,0.0,3.0,3.0,67.0,2.0,1.0,0.0,0.53,3.77x,1.0,,,,,,,,,,,0.0,10.0,31.0,1.0,37.16,211.0,118.0,24265.7,True,1.0931174089068827,3.643724696356276,8.841753036437249,3.225806451612903
899,Raphinha,BRA,FW,0,0,143,https://www.fifa.com/en/tournaments/mens/worldcup/canadamexicousa2026/statistics/player-statistics,2026-08-31,0.0,2.0,3.0,0.0,1.0,2.0,0.0,0.34,0x,7.0,,,,,,,,,,,0.0,10.0,59.0,7.0,33.34,189.0,108.0,15809.52,True,1.888111888111888,6.293706293706294,9.950047552447552,11.864406779661017
993,Ben Gannon Doak,SCO,FW,0,0,204,https://www.fifa.com/en/tournaments/mens/worldcup/canadamexicousa2026/statistics/player-statistics,2026-08-31,0.0,0.0,4.0,0.0,2.0,2.0,0.0,0.14,0x,0.0,,,,,,,,,,,0.0,13.0,71.0,6.0,34.3,200.0,96.0,20888.71,False,1.7647058823529411,5.735294117647058,9.215607352941175,8.450704225352112
950,Jose Fajardo,PAN,FW,0,0,176,https://www.fifa.com/en/tournaments/mens/worldcup/canadamexicousa2026/statistics/player-statistics,2026-08-31,0.0,0.0,1.0,0.0,1.0,0.0,1.0,0.25,0x,0.0,,,,,,,,,,,0.0,18.0,99.0,19.0,33.21,236.0,110.0,19207.38,False,0.5113636363636364,9.204545454545457,9.82195568181818,19.19191919191919
1202,Ermedin Demirovic,BIH,FW,0,0,399,https://www.fifa.com/en/tournaments/mens/worldcup/canadamexicousa2026/statistics/player-statistics,2026-09-10,0.0,4.0,4.0,0.0,1.0,3.0,0.0,0.08,0x,0.0,,,,,,,,,,,0.0,19.0,131.0,15.0,32.99,375.0,176.0,40423.23,True,0.9022556390977444,4.285714285714286,9.11802180451128,11.450381679389313
831,Yunus Akgun,TUR,FW,0,0,103,https://www.fifa.com/en/tournaments/mens/worldcup/canadamexicousa2026/statistics/player-statistics,2026-08-31,,,,,,,,,,,,,,,,,,,,,0.0,3.0,12.0,4.0,,,,,False,,2.621359223300971,,33.333333333333336
15,Lautaro Martinez,ARG,FW,3,1,368,https://www.fifa.com/en/tournaments/mens/worldcup/canadamexicousa2026/statistics/player-statistics,2026-08-31,1.0,4.0,10.0,30.0,9.0,1.0,2.0,2.17,1.38x,0.0,,,,,,,,,,,0.0,26.0,181.0,19.0,,,,,True,2.4456521739130435,6.358695652173912,,10.497237569060774
148,Eldor Shomurodov,UZB,FW,1,0,304,https://www.fifa.com/en/tournaments/mens/worldcup/canadamexicousa2026/statistics/player-statistics,2026-08-31,0.0,2.0,4.0,25.0,4.0,0.0,0.0,0.17,5.79x,0.0,,,,,,,,,,,0.0,28.0,96.0,11.0,33.96,274.0,149.0,30198.42,False,1.1842105263157894,8.289473684210526,8.940321710526316,11.458333333333334
802,Antonio Sanabria,PAR,FW,0,0,95,https://www.fifa.com/en/tournaments/mens/worldcup/canadamexicousa2026/statistics/player-statistics,2026-08-31,,,,,,,,,,,,,,,,,,,,,0.0,4.0,38.0,2.0,,,,,True,,3.789473684210526,,5.2631578947368425
