rank,player,team,position,goals,assists,minutes_played,source_url,retrieved_date
1302,Emiliano Martinez,ARG,GK,0,0,934,https://www.fifa.com/en/tournaments/mens/worldcup/canadamexicousa2026/statistics/player-statistics,2026-09-10
1300,Pau Cubarsi,ESP,DF,0,0,857,https://www.fifa.com/en/tournaments/mens/worldcup/canadamexicousa2026/statistics/player-statistics,2026-09-10
1300,Unai Simon,ESP,GK,0,0,857,https://www.fifa.com/en/tournaments/mens/worldcup/canadamexicousa2026/statistics/player-statistics,2026-09-10
1299,Rodri,ESP,MF,0,0,819,https://www.fifa.com/en/tournaments/mens/worldcup/canadamexicousa2026/statistics/player-statistics,2026-09-10
1298,Mike Maignan,FRA,GK,0,0,810,https://www.fifa.com/en/tournaments/mens/worldcup/canadamexicousa2026/statistics/player-statistics,2026-09-10
1297,Marc Guehi,ENG,DF,0,0,761,https://www.fifa.com/en/tournaments/mens/worldcup/canadamexicousa2026/statistics/player-statistics,2026-09-10
1296,Jordan Pickford,ENG,GK,0,0,756,https://www.fifa.com/en/tournaments/mens/worldcup/canadamexicousa2026/statistics/player-statistics,2026-09-10
1293,Manuel Akanji,SUI,DF,0,0,673,https://www.fifa.com/en/tournaments/mens/worldcup/canadamexicousa2026/statistics/player-statistics,2026-09-10
1293,Gregor Kobel,SUI,GK,0,0,673,https://www.fifa.com/en/tournaments/mens/worldcup/canadamexicousa2026/statistics/player-statistics,2026-09-10
1295,Nico Elvedi,SUI,DF,0,0,673,https://www.fifa.com/en/tournaments/mens/worldcup/canadamexicousa2026/statistics/player-statistics,2026-09-10
1292,Jules Kounde,FRA,DF,0,0,666,https://www.fifa.com/en/tournaments/mens/worldcup/canadamexicousa2026/statistics/player-statistics,2026-09-10
1291,Remo Freuler,SUI,MF,0,0,654,https://www.fifa.com/en/tournaments/mens/worldcup/canadamexicousa2026/statistics/player-statistics,2026-09-10
1290,Brandon Mechele,BEL,DF,0,0,651,https://www.fifa.com/en/tournaments/mens/worldcup/canadamexicousa2026/statistics/player-statistics,2026-09-10
1289,Yassine Bounou,MAR,GK,0,0,650,https://www.fifa.com/en/tournaments/mens/worldcup/canadamexicousa2026/statistics/player-statistics,2026-09-10
1288,Neil El Aynaoui,MAR,MF,0,0,634,https://www.fifa.com/en/tournaments/mens/worldcup/canadamexicousa2026/statistics/player-statistics,2026-09-10
1287,Thibaut Courtois,BEL,GK,0,0,625,https://www.fifa.com/en/tournaments/mens/worldcup/canadamexicousa2026/statistics/player-statistics,2026-09-10
1286,Nahuel Molina,ARG,DF,0,0,592,https://www.fifa.com/en/tournaments/mens/worldcup/canadamexicousa2026/statistics/player-statistics,2026-09-10
1285,Pedri,ESP,MF,0,0,565,https://www.fifa.com/en/tournaments/mens/worldcup/canadamexicousa2026/statistics/player-statistics,2026-09-10
1284,Leandro Paredes,ARG,MF,0,0,557,https://www.fifa.com/en/tournaments/mens/worldcup/canadamexicousa2026/statistics/player-statistics,2026-09-10
1278,Andres Cubas,PAR,MF,0,0,554,https://www.fifa.com/en/tournaments/mens/worldcup/canadamexicousa2026/statistics/player-statistics,2026-09-10
1278,Orlando Gill,PAR,GK,0,0,554,https://www.fifa.com/en/tournaments/mens/worldcup/canadamexicousa2026/statistics/player-statistics,2026-09-10
1278,Gustavo Gomez,PAR,DF,0,0,554,https://www.fifa.com/en/tournaments/mens/worldcup/canadamexicousa2026/statistics/player-statistics,2026-09-10
1281,Kristoffer Ajer,NOR,DF,0,0,554,https://www.fifa.com/en/tournaments/mens/worldcup/canadamexicousa2026/statistics/player-statistics,2026-09-10
1281,Sander Berge,NOR,MF,0,0,554,https://www.fifa.com/en/tournaments/mens/worldcup/canadamexicousa2026/statistics/player-statistics,2026-09-10
1281,Orjan Nyland,NOR,GK,0,0,554,https://www.fifa.com/en/tournaments/mens/worldcup/canadamexicousa2026/statistics/player-statistics,2026-09-10
1277,Mostafa Shoubir,EGY,GK,0,0,546,https://www.fifa.com/en/tournaments/mens/worldcup/canadamexicousa2026/statistics/player-statistics,2026-09-10
1276,Nicolas Tagliafico,ARG,DF,0,0,543,https://www.fifa.com/en/tournaments/mens/worldcup/canadamexicousa2026/statistics/player-statistics,2026-09-10
1275,Noussair Mazraoui,MAR,DF,0,0,542,https://www.fifa.com/en/tournaments/mens/worldcup/canadamexicousa2026/statistics/player-statistics,2026-09-10
1273,Camilo Vargas,COL,GK,0,0,541,https://www.fifa.com/en/tournaments/mens/worldcup/canadamexicousa2026/statistics/player-statistics,2026-09-10
1274,Davinson Sanchez,COL,DF,0,0,541,https://www.fifa.com/en/tournaments/mens/worldcup/canadamexicousa2026/statistics/player-statistics,2026-09-10
1272,Jhon Lucumi,COL,DF,0,0,538,https://www.fifa.com/en/tournaments/mens/worldcup/canadamexicousa2026/statistics/player-statistics,2026-09-10
1271,William Saliba,FRA,DF,0,0,533,https://www.fifa.com/en/tournaments/mens/worldcup/canadamexicousa2026/statistics/player-statistics,2026-09-10
1270,Nico Oreilly,ENG,DF,0,0,523,https://www.fifa.com/en/tournaments/mens/worldcup/canadamexicousa2026/statistics/player-statistics,2026-09-10
1268,Marquinhos,BRA,DF,0,0,520,https://www.fifa.com/en/tournaments/mens/worldcup/canadamexicousa2026/statistics/player-statistics,2026-09-10
1268,Alisson,BRA,GK,0,0,520,https://www.fifa.com/en/tournaments/mens/worldcup/canadamexicousa2026/statistics/player-statistics,2026-09-10
1266,Renato Veiga,POR,DF,0,0,518,https://www.fifa.com/en/tournaments/mens/worldcup/canadamexicousa2026/statistics/player-statistics,2026-09-10
1266,Diogo Costa,POR,GK,0,0,518,https://www.fifa.com/en/tournaments/mens/worldcup/canadamexicousa2026/statistics/player-statistics,2026-09-10
1265,Lucas Digne,FRA,DF,0,0,513,https://www.fifa.com/en/tournaments/mens/worldcup/canadamexicousa2026/statistics/player-statistics,2026-09-10
1263,Alistair Johnston,CAN,DF,0,0,511,https://www.fifa.com/en/tournaments/mens/worldcup/canadamexicousa2026/statistics/player-statistics,2026-09-10
1264,Maxime Crepeau,CAN,GK,0,0,511,https://www.fifa.com/en/tournaments/mens/worldcup/canadamexicousa2026/statistics/player-statistics,2026-09-10
1262,Douglas Santos,BRA,DF,0,0,505,https://www.fifa.com/en/tournaments/mens/worldcup/canadamexicousa2026/statistics/player-statistics,2026-09-10
1261,Weston Mckennie,USA,MF,0,0,504,https://www.fifa.com/en/tournaments/mens/worldcup/canadamexicousa2026/statistics/player-statistics,2026-09-10
1260,Torbjorn Heggem,NOR,DF,0,0,503,https://www.fifa.com/en/tournaments/mens/worldcup/canadamexicousa2026/statistics/player-statistics,2026-09-10
1259,Bilal El Khannouss,MAR,MF,0,0,501,https://www.fifa.com/en/tournaments/mens/worldcup/canadamexicousa2026/statistics/player-statistics,2026-09-10
1258,Raul Rangel,MEX,GK,0,0,494,https://www.fifa.com/en/tournaments/mens/worldcup/canadamexicousa2026/statistics/player-statistics,2026-09-10
1257,Maxim De Cuyper,BEL,DF,0,0,492,https://www.fifa.com/en/tournaments/mens/worldcup/canadamexicousa2026/statistics/player-statistics,2026-09-10
1256,Juan Jose Caceres,PAR,DF,0,0,488,https://www.fifa.com/en/tournaments/mens/worldcup/canadamexicousa2026/statistics/player-statistics,2026-09-10
1255,Djed Spence,ENG,DF,0,0,476,https://www.fifa.com/en/tournaments/mens/worldcup/canadamexicousa2026/statistics/player-statistics,2026-09-10
1254,Richie Laryea,CAN,DF,0,0,475,https://www.fifa.com/en/tournaments/mens/worldcup/canadamexicousa2026/statistics/player-statistics,2026-09-10
1253,Danilo,BRA,DF,0,0,471,https://www.fifa.com/en/tournaments/mens/worldcup/canadamexicousa2026/statistics/player-statistics,2026-09-10
1251,Jefferson Lerma,COL,MF,0,0,459,https://www.fifa.com/en/tournaments/mens/worldcup/canadamexicousa2026/statistics/player-statistics,2026-09-10
1252,Krepin Diatta,SEN,DF,0,0,459,https://www.fifa.com/en/tournaments/mens/worldcup/canadamexicousa2026/statistics/player-statistics,2026-09-10
1250,Junior Alonso,PAR,DF,0,0,456,https://www.fifa.com/en/tournaments/mens/worldcup/canadamexicousa2026/statistics/player-statistics,2026-09-10
1247,Vozinha,CPV,GK,0,0,445,https://www.fifa.com/en/tournaments/mens/worldcup/canadamexicousa2026/statistics/player-statistics,2026-09-10
1247,Pico Lopes,CPV,DF,0,0,445,https://www.fifa.com/en/tournaments/mens/worldcup/canadamexicousa2026/statistics/player-statistics,2026-09-10
1247,Diney Borges,CPV,DF,0,0,445,https://www.fifa.com/en/tournaments/mens/worldcup/canadamexicousa2026/statistics/player-statistics,2026-09-10
1245,Johan Mojica,COL,DF,0,0,442,https://www.fifa.com/en/tournaments/mens/worldcup/canadamexicousa2026/statistics/player-statistics,2026-09-10
1246,Manuel Neuer,GER,GK,0,0,442,https://www.fifa.com/en/tournaments/mens/worldcup/canadamexicousa2026/statistics/player-statistics,2026-09-10
1243,Alessandro Circati,AUS,DF,0,0,438,https://www.fifa.com/en/tournaments/mens/worldcup/canadamexicousa2026/statistics/player-statistics,2026-09-10
1243,Harry Souttar,AUS,DF,0,0,438,https://www.fifa.com/en/tournaments/mens/worldcup/canadamexicousa2026/statistics/player-statistics,2026-09-10
1242,Patrick Beach,AUS,GK,0,0,435,https://www.fifa.com/en/tournaments/mens/worldcup/canadamexicousa2026/statistics/player-statistics,2026-09-10
1241,Bart Verbruggen,NED,GK,0,0,432,https://www.fifa.com/en/tournaments/mens/worldcup/canadamexicousa2026/statistics/player-statistics,2026-09-10
1239,Ramy Rabia,EGY,DF,0,0,431,https://www.fifa.com/en/tournaments/mens/worldcup/canadamexicousa2026/statistics/player-statistics,2026-09-10
1240,Jesus Gallardo,MEX,DF,0,0,431,https://www.fifa.com/en/tournaments/mens/worldcup/canadamexicousa2026/statistics/player-statistics,2026-09-10
1238,Manu Kone,FRA,MF,0,0,426,https://www.fifa.com/en/tournaments/mens/worldcup/canadamexicousa2026/statistics/player-statistics,2026-09-10
1237,Ayyoub Bouaddi,MAR,MF,0,0,425,https://www.fifa.com/en/tournaments/mens/worldcup/canadamexicousa2026/statistics/player-statistics,2026-09-10
1236,Luc De Fougerolles,CAN,DF,0,0,421,https://www.fifa.com/en/tournaments/mens/worldcup/canadamexicousa2026/statistics/player-statistics,2026-09-10
1232,Jonathan Tah,GER,DF,0,0,419,https://www.fifa.com/en/tournaments/mens/worldcup/canadamexicousa2026/statistics/player-statistics,2026-09-10
1233,Matt Freese,USA,GK,0,0,419,https://www.fifa.com/en/tournaments/mens/worldcup/canadamexicousa2026/statistics/player-statistics,2026-09-10
1233,Chris Richards,USA,DF,0,0,419,https://www.fifa.com/en/tournaments/mens/worldcup/canadamexicousa2026/statistics/player-statistics,2026-09-10
1235,Tim Ream,USA,DF,0,0,419,https://www.fifa.com/en/tournaments/mens/worldcup/canadamexicousa2026/statistics/player-statistics,2026-09-10
1231,Ruben Dias,POR,DF,0,0,418,https://www.fifa.com/en/tournaments/mens/worldcup/canadamexicousa2026/statistics/player-statistics,2026-09-10
1229,Gideon Mensah,GHA,DF,0,0,414,https://www.fifa.com/en/tournaments/mens/worldcup/canadamexicousa2026/statistics/player-statistics,2026-09-10
1229,Antoine Semenyo,GHA,MF,0,0,414,https://www.fifa.com/en/tournaments/mens/worldcup/canadamexicousa2026/statistics/player-statistics,2026-09-10
1227,Dominik Livakovic,CRO,GK,0,0,413,https://www.fifa.com/en/tournaments/mens/worldcup/canadamexicousa2026/statistics/player-statistics,2026-09-10
1227,Josip Sutalo,CRO,DF,0,0,413,https://www.fifa.com/en/tournaments/mens/worldcup/canadamexicousa2026/statistics/player-statistics,2026-09-10
1225,Alexander Schlager,AUT,GK,0,0,412,https://www.fifa.com/en/tournaments/mens/worldcup/canadamexicousa2026/statistics/player-statistics,2026-09-10
1226,Johan Vasquez,MEX,DF,0,0,412,https://www.fifa.com/en/tournaments/mens/worldcup/canadamexicousa2026/statistics/player-statistics,2026-09-10
1223,Idrissa Gana Gueye,SEN,MF,0,0,411,https://www.fifa.com/en/tournaments/mens/worldcup/canadamexicousa2026/statistics/player-statistics,2026-09-10
1224,Nikola Vasilj,BIH,GK,0,0,411,https://www.fifa.com/en/tournaments/mens/worldcup/canadamexicousa2026/statistics/player-statistics,2026-09-10
1220,Lionel Mpasi,COD,GK,0,0,409,https://www.fifa.com/en/tournaments/mens/worldcup/canadamexicousa2026/statistics/player-statistics,2026-09-10
1220,Axel Tuanzebe,COD,DF,0,0,409,https://www.fifa.com/en/tournaments/mens/worldcup/canadamexicousa2026/statistics/player-statistics,2026-09-10
1222,Mohanad Lashin,EGY,MF,0,0,409,https://www.fifa.com/en/tournaments/mens/worldcup/canadamexicousa2026/statistics/player-statistics,2026-09-10
1219,Yahia Fofana,CIV,GK,0,0,408,https://www.fifa.com/en/tournaments/mens/worldcup/canadamexicousa2026/statistics/player-statistics,2026-09-10
1216,Moises Caicedo,ECU,MF,0,0,407,https://www.fifa.com/en/tournaments/mens/worldcup/canadamexicousa2026/statistics/player-statistics,2026-09-10
1216,Hernan Galindez,ECU,GK,0,0,407,https://www.fifa.com/en/tournaments/mens/worldcup/canadamexicousa2026/statistics/player-statistics,2026-09-10
1216,Willian Pacho,ECU,DF,0,0,407,https://www.fifa.com/en/tournaments/mens/worldcup/canadamexicousa2026/statistics/player-statistics,2026-09-10
1215,Aiden Oneill,AUS,MF,0,0,406,https://www.fifa.com/en/tournaments/mens/worldcup/canadamexicousa2026/statistics/player-statistics,2026-09-10
1213,Hiroki Ito,JPN,DF,0,0,405,https://www.fifa.com/en/tournaments/mens/worldcup/canadamexicousa2026/statistics/player-statistics,2026-09-10
1214,Zion Suzuki,JPN,GK,0,0,405,https://www.fifa.com/en/tournaments/mens/worldcup/canadamexicousa2026/statistics/player-statistics,2026-09-10
1212,Vitinha,POR,MF,0,0,404,https://www.fifa.com/en/tournaments/mens/worldcup/canadamexicousa2026/statistics/player-statistics,2026-09-10
1209,Ramy Bensebaini,ALG,DF,0,0,403,https://www.fifa.com/en/tournaments/mens/worldcup/canadamexicousa2026/statistics/player-statistics,2026-09-10
1209,Fares Chaibi,ALG,MF,0,0,403,https://www.fifa.com/en/tournaments/mens/worldcup/canadamexicousa2026/statistics/player-statistics,2026-09-10
1209,Aissa Mandi,ALG,DF,0,0,403,https://www.fifa.com/en/tournaments/mens/worldcup/canadamexicousa2026/statistics/player-statistics,2026-09-10
1205,Mbekezeli Mbokazi,RSA,DF,0,0,402,https://www.fifa.com/en/tournaments/mens/worldcup/canadamexicousa2026/statistics/player-statistics,2026-09-10
1205,Khuliso Mudau,RSA,DF,0,0,402,https://www.fifa.com/en/tournaments/mens/worldcup/canadamexicousa2026/statistics/player-statistics,2026-09-10
1205,Ime Okon,RSA,DF,0,0,402,https://www.fifa.com/en/tournaments/mens/worldcup/canadamexicousa2026/statistics/player-statistics,2026-09-10
1205,Ronwen Williams,RSA,GK,0,0,402,https://www.fifa.com/en/tournaments/mens/worldcup/canadamexicousa2026/statistics/player-statistics,2026-09-10
1204,Tajon Buchanan,CAN,FW,0,0,401,https://www.fifa.com/en/tournaments/mens/worldcup/canadamexicousa2026/statistics/player-statistics,2026-09-10
1203,Gustaf Lagerbielke,SWE,DF,0,0,400,https://www.fifa.com/en/tournaments/mens/worldcup/canadamexicousa2026/statistics/player-statistics,2026-09-10
1200,Antonee Robinson,USA,DF,0,0,399,https://www.fifa.com/en/tournaments/mens/worldcup/canadamexicousa2026/statistics/player-statistics,2026-09-10
1201,Aaron Wan Bissaka,COD,DF,0,0,399,https://www.fifa.com/en/tournaments/mens/worldcup/canadamexicousa2026/statistics/player-statistics,2026-09-10
1202,Ermedin Demirovic,BIH,FW,0,0,399,https://www.fifa.com/en/tournaments/mens/worldcup/canadamexicousa2026/statistics/player-statistics,2026-09-10
1199,Tyler Adams,USA,MF,0,0,397,https://www.fifa.com/en/tournaments/mens/worldcup/canadamexicousa2026/statistics/player-statistics,2026-09-10
1198,Denis Zakaria,SUI,MF,0,0,392,https://www.fifa.com/en/tournaments/mens/worldcup/canadamexicousa2026/statistics/player-statistics,2026-09-10
1197,Victor Lindelof,SWE,DF,0,0,390,https://www.fifa.com/en/tournaments/mens/worldcup/canadamexicousa2026/statistics/player-statistics,2026-09-10
1196,Ibrahim Maza,ALG,MF,0,0,389,https://www.fifa.com/en/tournaments/mens/worldcup/canadamexicousa2026/statistics/player-statistics,2026-09-10
1195,Aubrey Modiba,RSA,DF,0,0,381,https://www.fifa.com/en/tournaments/mens/worldcup/canadamexicousa2026/statistics/player-statistics,2026-09-10
1194,John Stones,ENG,DF,0,0,380,https://www.fifa.com/en/tournaments/mens/worldcup/canadamexicousa2026/statistics/player-statistics,2026-09-10
1192,Nathan Ngoy,BEL,DF,0,0,376,https://www.fifa.com/en/tournaments/mens/worldcup/canadamexicousa2026/statistics/player-statistics,2026-09-10
1193,Piero Hincapie,ECU,DF,0,0,376,https://www.fifa.com/en/tournaments/mens/worldcup/canadamexicousa2026/statistics/player-statistics,2026-09-10
1191,Stefan Posch,AUT,DF,0,0,370,https://www.fifa.com/en/tournaments/mens/worldcup/canadamexicousa2026/statistics/player-statistics,2026-09-10
1190,Omar Marmoush,EGY,FW,0,0,369,https://www.fifa.com/en/tournaments/mens/worldcup/canadamexicousa2026/statistics/player-statistics,2026-09-10
1189,Reece James,ENG,DF,0,0,368,https://www.fifa.com/en/tournaments/mens/worldcup/canadamexicousa2026/statistics/player-statistics,2026-09-10
1187,Omar Alderete,PAR,DF,0,0,363,https://www.fifa.com/en/tournaments/mens/worldcup/canadamexicousa2026/statistics/player-statistics,2026-09-10
1188,Alexander Sorloth,NOR,FW,0,0,363,https://www.fifa.com/en/tournaments/mens/worldcup/canadamexicousa2026/statistics/player-statistics,2026-09-10
1186,Nicolas Seiwald,AUT,MF,0,0,361,https://www.fifa.com/en/tournaments/mens/worldcup/canadamexicousa2026/statistics/player-statistics,2026-09-10
1184,Samuel Moutoussamy,COD,MF,0,0,360,https://www.fifa.com/en/tournaments/mens/worldcup/canadamexicousa2026/statistics/player-statistics,2026-09-10
1185,Frenkie De Jong,NED,MF,0,0,360,https://www.fifa.com/en/tournaments/mens/worldcup/canadamexicousa2026/statistics/player-statistics,2026-09-10
1183,Gabriel Gudmundsson,SWE,DF,0,0,356,https://www.fifa.com/en/tournaments/mens/worldcup/canadamexicousa2026/statistics/player-statistics,2026-09-10
1182,Fredrik Aursnes,NOR,MF,0,0,355,https://www.fifa.com/en/tournaments/mens/worldcup/canadamexicousa2026/statistics/player-statistics,2026-09-10
1181,Nikola Katic,BIH,DF,0,0,353,https://www.fifa.com/en/tournaments/mens/worldcup/canadamexicousa2026/statistics/player-statistics,2026-09-10
1180,Derek Cornelius,CAN,DF,0,0,351,https://www.fifa.com/en/tournaments/mens/worldcup/canadamexicousa2026/statistics/player-statistics,2026-09-10
1179,Cesar Montes,MEX,DF,0,0,349,https://www.fifa.com/en/tournaments/mens/worldcup/canadamexicousa2026/statistics/player-statistics,2026-09-10
1178,Steven Moreira,CPV,DF,0,0,346,https://www.fifa.com/en/tournaments/mens/worldcup/canadamexicousa2026/statistics/player-statistics,2026-09-10
1177,Jordan Bos,AUS,DF,0,0,343,https://www.fifa.com/en/tournaments/mens/worldcup/canadamexicousa2026/statistics/player-statistics,2026-09-10
1176,Jeremy Doku,BEL,FW,0,0,341,https://www.fifa.com/en/tournaments/mens/worldcup/canadamexicousa2026/statistics/player-statistics,2026-09-10
1175,James Rodriguez,COL,MF,0,0,338,https://www.fifa.com/en/tournaments/mens/worldcup/canadamexicousa2026/statistics/player-statistics,2026-09-10
1174,Sergino Dest,USA,DF,0,0,335,https://www.fifa.com/en/tournaments/mens/worldcup/canadamexicousa2026/statistics/player-statistics,2026-09-10
1172,Diego Gomez,PAR,MF,0,0,332,https://www.fifa.com/en/tournaments/mens/worldcup/canadamexicousa2026/statistics/player-statistics,2026-09-10
1173,Fabian Rieder,SUI,MF,0,0,332,https://www.fifa.com/en/tournaments/mens/worldcup/canadamexicousa2026/statistics/player-statistics,2026-09-10
1171,John Yeboah,ECU,FW,0,0,330,https://www.fifa.com/en/tournaments/mens/worldcup/canadamexicousa2026/statistics/player-statistics,2026-09-10
1170,Jordan Ayew,GHA,FW,0,0,323,https://www.fifa.com/en/tournaments/mens/worldcup/canadamexicousa2026/statistics/player-statistics,2026-09-10
1169,Odilon Kossounou,CIV,DF,0,0,316,https://www.fifa.com/en/tournaments/mens/worldcup/canadamexicousa2026/statistics/player-statistics,2026-09-10
1167,Noni Madueke,ENG,FW,0,0,315,https://www.fifa.com/en/tournaments/mens/worldcup/canadamexicousa2026/statistics/player-statistics,2026-09-10
1168,Rayan Ait Nouri,ALG,DF,0,0,315,https://www.fifa.com/en/tournaments/mens/worldcup/canadamexicousa2026/statistics/player-statistics,2026-09-10
1166,Jamiro Monteiro,CPV,MF,0,0,314,https://www.fifa.com/en/tournaments/mens/worldcup/canadamexicousa2026/statistics/player-statistics,2026-09-10
1159,Rodrigo Bentancur,URU,MF,0,0,313,https://www.fifa.com/en/tournaments/mens/worldcup/canadamexicousa2026/statistics/player-statistics,2026-09-10
1159,Sebastian Caceres,URU,DF,0,0,313,https://www.fifa.com/en/tournaments/mens/worldcup/canadamexicousa2026/statistics/player-statistics,2026-09-10
1159,Mathias Olivera,URU,DF,0,0,313,https://www.fifa.com/en/tournaments/mens/worldcup/canadamexicousa2026/statistics/player-statistics,2026-09-10
1159,Guillermo Varela,URU,DF,0,0,313,https://www.fifa.com/en/tournaments/mens/worldcup/canadamexicousa2026/statistics/player-statistics,2026-09-10
1163,Nabil Bentaleb,ALG,MF,0,0,313,https://www.fifa.com/en/tournaments/mens/worldcup/canadamexicousa2026/statistics/player-statistics,2026-09-10
1164,Ugurcan Cakir,TUR,GK,0,0,313,https://www.fifa.com/en/tournaments/mens/worldcup/canadamexicousa2026/statistics/player-statistics,2026-09-10
1165,Jerome Opoku,GHA,DF,0,0,313,https://www.fifa.com/en/tournaments/mens/worldcup/canadamexicousa2026/statistics/player-statistics,2026-09-10
1158,Marvin Senaya,GHA,DF,0,0,312,https://www.fifa.com/en/tournaments/mens/worldcup/canadamexicousa2026/statistics/player-statistics,2026-09-10
1154,Guela Doue,CIV,DF,0,0,311,https://www.fifa.com/en/tournaments/mens/worldcup/canadamexicousa2026/statistics/player-statistics,2026-09-10
1155,Marin Pongracic,CRO,DF,0,0,311,https://www.fifa.com/en/tournaments/mens/worldcup/canadamexicousa2026/statistics/player-statistics,2026-09-10
1156,Enner Valencia,ECU,FW,0,0,311,https://www.fifa.com/en/tournaments/mens/worldcup/canadamexicousa2026/statistics/player-statistics,2026-09-10
1157,Abdukodir Khusanov,UZB,DF,0,0,311,https://www.fifa.com/en/tournaments/mens/worldcup/canadamexicousa2026/statistics/player-statistics,2026-09-10
1149,Mahmoud Abunada,QAT,GK,0,0,310,https://www.fifa.com/en/tournaments/mens/worldcup/canadamexicousa2026/statistics/player-statistics,2026-09-10
1149,Pedro Miguel,QAT,DF,0,0,310,https://www.fifa.com/en/tournaments/mens/worldcup/canadamexicousa2026/statistics/player-statistics,2026-09-10
1149,Boualem Khoukhi,QAT,DF,0,0,310,https://www.fifa.com/en/tournaments/mens/worldcup/canadamexicousa2026/statistics/player-statistics,2026-09-10
1149,Issa Laye,QAT,DF,0,0,310,https://www.fifa.com/en/tournaments/mens/worldcup/canadamexicousa2026/statistics/player-statistics,2026-09-10
1153,Amar Dedic,BIH,DF,0,0,310,https://www.fifa.com/en/tournaments/mens/worldcup/canadamexicousa2026/statistics/player-statistics,2026-09-10
1144,Yazeed Abulaila,JOR,GK,0,0,309,https://www.fifa.com/en/tournaments/mens/worldcup/canadamexicousa2026/statistics/player-statistics,2026-09-10
1144,Yazan Alarab,JOR,DF,0,0,309,https://www.fifa.com/en/tournaments/mens/worldcup/canadamexicousa2026/statistics/player-statistics,2026-09-10
1146,Shoja Khalilzadeh,IRN,DF,0,0,309,https://www.fifa.com/en/tournaments/mens/worldcup/canadamexicousa2026/statistics/player-statistics,2026-09-10
1146,Ali Nemati,IRN,DF,0,0,309,https://www.fifa.com/en/tournaments/mens/worldcup/canadamexicousa2026/statistics/player-statistics,2026-09-10
1146,Alireza Beiranvand,IRN,GK,0,0,309,https://www.fifa.com/en/tournaments/mens/worldcup/canadamexicousa2026/statistics/player-statistics,2026-09-10
1142,Nicolas Otamendi,ARG,DF,0,0,308,https://www.fifa.com/en/tournaments/mens/worldcup/canadamexicousa2026/statistics/player-statistics,2026-09-10
1143,Emmanuel Agbadou,CIV,DF,0,0,308,https://www.fifa.com/en/tournaments/mens/worldcup/canadamexicousa2026/statistics/player-statistics,2026-09-10
1141,Thomas Partey,GHA,MF,0,0,307,https://www.fifa.com/en/tournaments/mens/worldcup/canadamexicousa2026/statistics/player-statistics,2026-09-10
1130,Miguel Almiron,PAR,MF,0,0,306,https://www.fifa.com/en/tournaments/mens/worldcup/canadamexicousa2026/statistics/player-statistics,2026-09-10
1131,Mohammed Alowais,KSA,GK,0,0,306,https://www.fifa.com/en/tournaments/mens/worldcup/canadamexicousa2026/statistics/player-statistics,2026-09-10
1132,Max Crocombe,NZL,GK,0,0,306,https://www.fifa.com/en/tournaments/mens/worldcup/canadamexicousa2026/statistics/player-statistics,2026-09-10
1133,Lewis Ferguson,SCO,MF,0,0,306,https://www.fifa.com/en/tournaments/mens/worldcup/canadamexicousa2026/statistics/player-statistics,2026-09-10
1133,Angus Gunn,SCO,GK,0,0,306,https://www.fifa.com/en/tournaments/mens/worldcup/canadamexicousa2026/statistics/player-statistics,2026-09-10
1133,Jack Hendry,SCO,DF,0,0,306,https://www.fifa.com/en/tournaments/mens/worldcup/canadamexicousa2026/statistics/player-statistics,2026-09-10
1133,Scott Mctominay,SCO,MF,0,0,306,https://www.fifa.com/en/tournaments/mens/worldcup/canadamexicousa2026/statistics/player-statistics,2026-09-10
1137,Ricardo Ade,HAI,DF,0,0,306,https://www.fifa.com/en/tournaments/mens/worldcup/canadamexicousa2026/statistics/player-statistics,2026-09-10
1137,Hannes Delcroix,HAI,DF,0,0,306,https://www.fifa.com/en/tournaments/mens/worldcup/canadamexicousa2026/statistics/player-statistics,2026-09-10
1137,Martin Experience,HAI,DF,0,0,306,https://www.fifa.com/en/tournaments/mens/worldcup/canadamexicousa2026/statistics/player-statistics,2026-09-10
1137,Johny Placide,HAI,GK,0,0,306,https://www.fifa.com/en/tournaments/mens/worldcup/canadamexicousa2026/statistics/player-statistics,2026-09-10
1123,Ghislain Konan,CIV,DF,0,0,303,https://www.fifa.com/en/tournaments/mens/worldcup/canadamexicousa2026/statistics/player-statistics,2026-09-10
1124,Andres Andrade,PAN,DF,0,0,303,https://www.fifa.com/en/tournaments/mens/worldcup/canadamexicousa2026/statistics/player-statistics,2026-09-10
1124,Jose Cordoba,PAN,DF,0,0,303,https://www.fifa.com/en/tournaments/mens/worldcup/canadamexicousa2026/statistics/player-statistics,2026-09-10
1124,Orlando Mosquera,PAN,GK,0,0,303,https://www.fifa.com/en/tournaments/mens/worldcup/canadamexicousa2026/statistics/player-statistics,2026-09-10
1124,Amir Murillo,PAN,DF,0,0,303,https://www.fifa.com/en/tournaments/mens/worldcup/canadamexicousa2026/statistics/player-statistics,2026-09-10
1128,Akam Hashim,IRQ,DF,0,0,303,https://www.fifa.com/en/tournaments/mens/worldcup/canadamexicousa2026/statistics/player-statistics,2026-09-10
1128,Merchas Doski,IRQ,DF,0,0,303,https://www.fifa.com/en/tournaments/mens/worldcup/canadamexicousa2026/statistics/player-statistics,2026-09-10
1121,Luca Zidane,ALG,GK,0,0,302,https://www.fifa.com/en/tournaments/mens/worldcup/canadamexicousa2026/statistics/player-statistics,2026-09-10
1122,Marko Stamenic,NZL,MF,0,0,302,https://www.fifa.com/en/tournaments/mens/worldcup/canadamexicousa2026/statistics/player-statistics,2026-09-10
1118,Robin Hranac,CZE,DF,0,0,301,https://www.fifa.com/en/tournaments/mens/worldcup/canadamexicousa2026/statistics/player-statistics,2026-09-10
1118,Matej Kovar,CZE,GK,0,0,301,https://www.fifa.com/en/tournaments/mens/worldcup/canadamexicousa2026/statistics/player-statistics,2026-09-10
1120,Ahmed Fatouh,EGY,DF,0,0,301,https://www.fifa.com/en/tournaments/mens/worldcup/canadamexicousa2026/statistics/player-statistics,2026-09-10
1107,Kim Seunggyu,KOR,GK,0,0,300,https://www.fifa.com/en/tournaments/mens/worldcup/canadamexicousa2026/statistics/player-statistics,2026-09-10
1107,Lee Hanbeom,KOR,DF,0,0,300,https://www.fifa.com/en/tournaments/mens/worldcup/canadamexicousa2026/statistics/player-statistics,2026-09-10
1107,Lee Gihyuk,KOR,MF,0,0,300,https://www.fifa.com/en/tournaments/mens/worldcup/canadamexicousa2026/statistics/player-statistics,2026-09-10
1110,Aleksandar Pavlovic,GER,MF,0,0,300,https://www.fifa.com/en/tournaments/mens/worldcup/canadamexicousa2026/statistics/player-statistics,2026-09-10
1111,Abdulkerim Bardakci,TUR,DF,0,0,300,https://www.fifa.com/en/tournaments/mens/worldcup/canadamexicousa2026/statistics/player-statistics,2026-09-10
1112,Leandro Bacuna,CUW,MF,0,0,300,https://www.fifa.com/en/tournaments/mens/worldcup/canadamexicousa2026/statistics/player-statistics,2026-09-10
1112,Sherel Floranus,CUW,DF,0,0,300,https://www.fifa.com/en/tournaments/mens/worldcup/canadamexicousa2026/statistics/player-statistics,2026-09-10
1112,Armando Obispo,CUW,DF,0,0,300,https://www.fifa.com/en/tournaments/mens/worldcup/canadamexicousa2026/statistics/player-statistics,2026-09-10
1112,Eloy Room,CUW,GK,0,0,300,https://www.fifa.com/en/tournaments/mens/worldcup/canadamexicousa2026/statistics/player-statistics,2026-09-10
1116,Saud Abdulhamid,KSA,DF,0,0,300,https://www.fifa.com/en/tournaments/mens/worldcup/canadamexicousa2026/statistics/player-statistics,2026-09-10
1117,Antonio Ruediger,GER,DF,0,0,300,https://www.fifa.com/en/tournaments/mens/worldcup/canadamexicousa2026/statistics/player-statistics,2026-09-10
1105,Saeid Ezatolahi,IRN,MF,0,0,298,https://www.fifa.com/en/tournaments/mens/worldcup/canadamexicousa2026/statistics/player-statistics,2026-09-10
1106,Montassar Talbi,TUN,DF,0,0,298,https://www.fifa.com/en/tournaments/mens/worldcup/canadamexicousa2026/statistics/player-statistics,2026-09-10
1104,Noah Sadiki,COD,MF,0,0,297,https://www.fifa.com/en/tournaments/mens/worldcup/canadamexicousa2026/statistics/player-statistics,2026-09-10
1102,Mohannad Abutaha,JOR,MF,0,0,296,https://www.fifa.com/en/tournaments/mens/worldcup/canadamexicousa2026/statistics/player-statistics,2026-09-10
1103,Theo Hernandez,FRA,DF,0,0,296,https://www.fifa.com/en/tournaments/mens/worldcup/canadamexicousa2026/statistics/player-statistics,2026-09-10
1101,Carlos Harvey,PAN,DF,0,0,295,https://www.fifa.com/en/tournaments/mens/worldcup/canadamexicousa2026/statistics/player-statistics,2026-09-10
1097,Ali Abdi,TUN,DF,0,0,293,https://www.fifa.com/en/tournaments/mens/worldcup/canadamexicousa2026/statistics/player-statistics,2026-09-10
1098,Mehdi Taremi,IRN,FW,0,0,293,https://www.fifa.com/en/tournaments/mens/worldcup/canadamexicousa2026/statistics/player-statistics,2026-09-10
1099,Gustavo Velazquez,PAR,DF,0,0,293,https://www.fifa.com/en/tournaments/mens/worldcup/canadamexicousa2026/statistics/player-statistics,2026-09-10
1100,Thalente Mbatha,RSA,MF,0,0,293,https://www.fifa.com/en/tournaments/mens/worldcup/canadamexicousa2026/statistics/player-statistics,2026-09-10
1095,Jean Ricner Bellegarde,HAI,MF,0,0,292,https://www.fifa.com/en/tournaments/mens/worldcup/canadamexicousa2026/statistics/player-statistics,2026-09-10
1096,Tarik Muharemovic,BIH,DF,0,0,292,https://www.fifa.com/en/tournaments/mens/worldcup/canadamexicousa2026/statistics/player-statistics,2026-09-10
1094,Micky Van De Ven,NED,DF,0,0,291,https://www.fifa.com/en/tournaments/mens/worldcup/canadamexicousa2026/statistics/player-statistics,2026-09-10
1091,Rustam Ashurmatov,UZB,DF,0,0,288,https://www.fifa.com/en/tournaments/mens/worldcup/canadamexicousa2026/statistics/player-statistics,2026-09-10
1092,Danley Jean Jacques,HAI,MF,0,0,288,https://www.fifa.com/en/tournaments/mens/worldcup/canadamexicousa2026/statistics/player-statistics,2026-09-10
1093,Tani Oluwaseyi,CAN,FW,0,0,288,https://www.fifa.com/en/tournaments/mens/worldcup/canadamexicousa2026/statistics/player-statistics,2026-09-10
1088,Abdallah Nasib,JOR,DF,0,0,287,https://www.fifa.com/en/tournaments/mens/worldcup/canadamexicousa2026/statistics/player-statistics,2026-09-10
1089,Mory Diaw,SEN,GK,0,0,287,https://www.fifa.com/en/tournaments/mens/worldcup/canadamexicousa2026/statistics/player-statistics,2026-09-10
1090,Oswin Appollis,RSA,FW,0,0,287,https://www.fifa.com/en/tournaments/mens/worldcup/canadamexicousa2026/statistics/player-statistics,2026-09-10
1087,Kevin Danso,AUT,DF,0,0,284,https://www.fifa.com/en/tournaments/mens/worldcup/canadamexicousa2026/statistics/player-statistics,2026-09-10
1086,Kwasi Sibo,GHA,MF,0,0,282,https://www.fifa.com/en/tournaments/mens/worldcup/canadamexicousa2026/statistics/player-statistics,2026-09-10
1085,Juninho Bacuna,CUW,MF,0,0,280,https://www.fifa.com/en/tournaments/mens/worldcup/canadamexicousa2026/statistics/player-statistics,2026-09-10
1084,Oscar Bobb,NOR,MF,0,0,279,https://www.fifa.com/en/tournaments/mens/worldcup/canadamexicousa2026/statistics/player-statistics,2026-09-10
1083,Edson Alvarez,MEX,DF,0,0,278,https://www.fifa.com/en/tournaments/mens/worldcup/canadamexicousa2026/statistics/player-statistics,2026-09-10
1080,Salem Aldawsari,KSA,FW,0,0,276,https://www.fifa.com/en/tournaments/mens/worldcup/canadamexicousa2026/statistics/player-statistics,2026-09-10
1081,Maxence Lacroix,FRA,DF,0,0,276,https://www.fifa.com/en/tournaments/mens/worldcup/canadamexicousa2026/statistics/player-statistics,2026-09-10
1082,Djibril Sow,SUI,MF,0,0,276,https://www.fifa.com/en/tournaments/mens/worldcup/canadamexicousa2026/statistics/player-statistics,2026-09-10
1079,Joe Bell,NZL,MF,0,0,275,https://www.fifa.com/en/tournaments/mens/worldcup/canadamexicousa2026/statistics/player-statistics,2026-09-10
1077,Yan Valery,TUN,DF,0,0,274,https://www.fifa.com/en/tournaments/mens/worldcup/canadamexicousa2026/statistics/player-statistics,2026-09-10
1078,Seol Youngwoo,KOR,DF,0,0,274,https://www.fifa.com/en/tournaments/mens/worldcup/canadamexicousa2026/statistics/player-statistics,2026-09-10
1075,Edgar Yoel Barcenas,PAN,MF,0,0,272,https://www.fifa.com/en/tournaments/mens/worldcup/canadamexicousa2026/statistics/player-statistics,2026-09-10
1076,Federico Valverde,URU,MF,0,0,272,https://www.fifa.com/en/tournaments/mens/worldcup/canadamexicousa2026/statistics/player-statistics,2026-09-10
1073,Alan Franco,ECU,MF,0,0,270,https://www.fifa.com/en/tournaments/mens/worldcup/canadamexicousa2026/statistics/player-statistics,2026-09-10
1074,Paul Wanner,AUT,MF,0,0,270,https://www.fifa.com/en/tournaments/mens/worldcup/canadamexicousa2026/statistics/player-statistics,2026-09-10
1072,Akram Afif,QAT,FW,0,0,269,https://www.fifa.com/en/tournaments/mens/worldcup/canadamexicousa2026/statistics/player-statistics,2026-09-10
1069,Otabek Shukurov,UZB,MF,0,0,268,https://www.fifa.com/en/tournaments/mens/worldcup/canadamexicousa2026/statistics/player-statistics,2026-09-10
1070,Arthur Theate,BEL,DF,0,0,268,https://www.fifa.com/en/tournaments/mens/worldcup/canadamexicousa2026/statistics/player-statistics,2026-09-10
1071,Kim Minjae,KOR,DF,0,0,268,https://www.fifa.com/en/tournaments/mens/worldcup/canadamexicousa2026/statistics/player-statistics,2026-09-10
1065,Tahith Chong,CUW,MF,0,0,267,https://www.fifa.com/en/tournaments/mens/worldcup/canadamexicousa2026/statistics/player-statistics,2026-09-10
1066,Shogo Taniguchi,JPN,DF,0,0,267,https://www.fifa.com/en/tournaments/mens/worldcup/canadamexicousa2026/statistics/player-statistics,2026-09-10
1067,Ellyes Skhiri,TUN,MF,0,0,267,https://www.fifa.com/en/tournaments/mens/worldcup/canadamexicousa2026/statistics/player-statistics,2026-09-10
1068,Thiago Almada,ARG,FW,0,0,267,https://www.fifa.com/en/tournaments/mens/worldcup/canadamexicousa2026/statistics/player-statistics,2026-09-10
1064,Benjamin Tahirovic,BIH,MF,0,0,266,https://www.fifa.com/en/tournaments/mens/worldcup/canadamexicousa2026/statistics/player-statistics,2026-09-10
1063,Cristian Martinez,PAN,MF,0,0,264,https://www.fifa.com/en/tournaments/mens/worldcup/canadamexicousa2026/statistics/player-statistics,2026-09-10
1061,Feras Albrikan,KSA,FW,0,0,262,https://www.fifa.com/en/tournaments/mens/worldcup/canadamexicousa2026/statistics/player-statistics,2026-09-10
1062,Esmir Bajraktarevic,BIH,FW,0,0,262,https://www.fifa.com/en/tournaments/mens/worldcup/canadamexicousa2026/statistics/player-statistics,2026-09-10
1060,Fernando Muslera,URU,GK,0,0,261,https://www.fifa.com/en/tournaments/mens/worldcup/canadamexicousa2026/statistics/player-statistics,2026-09-10
1058,Deveron Fonville,CUW,DF,0,0,260,https://www.fifa.com/en/tournaments/mens/worldcup/canadamexicousa2026/statistics/player-statistics,2026-09-10
1059,Hamdy Fathy,EGY,MF,0,0,260,https://www.fifa.com/en/tournaments/mens/worldcup/canadamexicousa2026/statistics/player-statistics,2026-09-10
1056,Benjamin Asare,GHA,GK,0,0,259,https://www.fifa.com/en/tournaments/mens/worldcup/canadamexicousa2026/statistics/player-statistics,2026-09-10
1057,Ibrahim Bayesh,IRQ,MF,0,0,259,https://www.fifa.com/en/tournaments/mens/worldcup/canadamexicousa2026/statistics/player-statistics,2026-09-10
1054,Ali Ahmed,CAN,FW,0,0,258,https://www.fifa.com/en/tournaments/mens/worldcup/canadamexicousa2026/statistics/player-statistics,2026-09-10
1055,Ange Yoan Bonny,CIV,FW,0,0,258,https://www.fifa.com/en/tournaments/mens/worldcup/canadamexicousa2026/statistics/player-statistics,2026-09-10
1051,Ismail Jakobs,SEN,DF,0,0,257,https://www.fifa.com/en/tournaments/mens/worldcup/canadamexicousa2026/statistics/player-statistics,2026-09-10
1052,Jonas Adjetey,GHA,DF,0,0,257,https://www.fifa.com/en/tournaments/mens/worldcup/canadamexicousa2026/statistics/player-statistics,2026-09-10
1053,Anis Slimane,TUN,MF,0,0,257,https://www.fifa.com/en/tournaments/mens/worldcup/canadamexicousa2026/statistics/player-statistics,2026-09-10
1050,Mohamed Kanno,KSA,MF,0,0,256,https://www.fifa.com/en/tournaments/mens/worldcup/canadamexicousa2026/statistics/player-statistics,2026-09-10
1048,Jackson Irvine,AUS,MF,0,0,255,https://www.fifa.com/en/tournaments/mens/worldcup/canadamexicousa2026/statistics/player-statistics,2026-09-10
1049,Andy Robertson,SCO,DF,0,0,255,https://www.fifa.com/en/tournaments/mens/worldcup/canadamexicousa2026/statistics/player-statistics,2026-09-10
1047,Amar Memic,BIH,MF,0,0,254,https://www.fifa.com/en/tournaments/mens/worldcup/canadamexicousa2026/statistics/player-statistics,2026-09-10
1046,Joel Ordonez,ECU,DF,0,0,253,https://www.fifa.com/en/tournaments/mens/worldcup/canadamexicousa2026/statistics/player-statistics,2026-09-10
1045,Sphephelo Sithole,RSA,MF,0,0,252,https://www.fifa.com/en/tournaments/mens/worldcup/canadamexicousa2026/statistics/player-statistics,2026-09-10
1044,Jose Luis Rodriguez,PAN,MF,0,0,251,https://www.fifa.com/en/tournaments/mens/worldcup/canadamexicousa2026/statistics/player-statistics,2026-09-10
1043,Juergen Locadia,CUW,FW,0,0,250,https://www.fifa.com/en/tournaments/mens/worldcup/canadamexicousa2026/statistics/player-statistics,2026-09-10
1042,Kenan Yildiz,TUR,FW,0,0,249,https://www.fifa.com/en/tournaments/mens/worldcup/canadamexicousa2026/statistics/player-statistics,2026-09-10
1041,Julian Ryerson,NOR,FW,0,0,248,https://www.fifa.com/en/tournaments/mens/worldcup/canadamexicousa2026/statistics/player-statistics,2026-09-10
1040,Ricardo Pepi,USA,FW,0,0,247,https://www.fifa.com/en/tournaments/mens/worldcup/canadamexicousa2026/statistics/player-statistics,2026-09-10
1039,Aziz Behich,AUS,DF,0,0,245,https://www.fifa.com/en/tournaments/mens/worldcup/canadamexicousa2026/statistics/player-statistics,2026-09-10
1038,Evidence Makgopa,RSA,FW,0,0,241,https://www.fifa.com/en/tournaments/mens/worldcup/canadamexicousa2026/statistics/player-statistics,2026-09-10
1036,Anass Salah Eddine,MAR,DF,0,0,240,https://www.fifa.com/en/tournaments/mens/worldcup/canadamexicousa2026/statistics/player-statistics,2026-09-10
1037,Christ Inao Oulai,CIV,MF,0,0,240,https://www.fifa.com/en/tournaments/mens/worldcup/canadamexicousa2026/statistics/player-statistics,2026-09-10
1029,Michael Boxall,NZL,DF,0,0,237,https://www.fifa.com/en/tournaments/mens/worldcup/canadamexicousa2026/statistics/player-statistics,2026-09-10
1030,Ruben Providence,HAI,FW,0,0,237,https://www.fifa.com/en/tournaments/mens/worldcup/canadamexicousa2026/statistics/player-statistics,2026-09-10
1031,Israel Reyes,MEX,DF,0,0,237,https://www.fifa.com/en/tournaments/mens/worldcup/canadamexicousa2026/statistics/player-statistics,2026-09-10
1032,Juan Manuel Sanabria,URU,MF,0,0,237,https://www.fifa.com/en/tournaments/mens/worldcup/canadamexicousa2026/statistics/player-statistics,2026-09-10
1033,Liberato Cacace,NZL,DF,0,0,237,https://www.fifa.com/en/tournaments/mens/worldcup/canadamexicousa2026/statistics/player-statistics,2026-09-10
1034,Isak Hien,SWE,DF,0,0,237,https://www.fifa.com/en/tournaments/mens/worldcup/canadamexicousa2026/statistics/player-statistics,2026-09-10
1035,Hassan Altambakti,KSA,DF,0,0,237,https://www.fifa.com/en/tournaments/mens/worldcup/canadamexicousa2026/statistics/player-statistics,2026-09-10
1028,Gilberto Mora,MEX,MF,0,0,236,https://www.fifa.com/en/tournaments/mens/worldcup/canadamexicousa2026/statistics/player-statistics,2026-09-10
1027,Milad Mohammadi,IRN,DF,0,0,235,https://www.fifa.com/en/tournaments/mens/worldcup/canadamexicousa2026/statistics/player-statistics,2026-09-10
1026,Alexander Bernhardsson,SWE,DF,0,0,233,https://www.fifa.com/en/tournaments/mens/worldcup/canadamexicousa2026/statistics/player-statistics,2026-09-10
1024,Pathe Ciss,SEN,MF,0,0,232,https://www.fifa.com/en/tournaments/mens/worldcup/canadamexicousa2026/statistics/player-statistics,2026-09-10
1025,Lucas Herrington,AUS,DF,0,0,232,https://www.fifa.com/en/tournaments/mens/worldcup/canadamexicousa2026/statistics/player-statistics,2026-09-10
1023,Nasser Aldawsari,KSA,MF,0,0,230,https://www.fifa.com/en/tournaments/mens/worldcup/canadamexicousa2026/statistics/player-statistics,2026-09-10
1022,Saman Ghoddos,IRN,MF,0,0,228,https://www.fifa.com/en/tournaments/mens/worldcup/canadamexicousa2026/statistics/player-statistics,2026-09-10
