rank,player,team,position,assists,attempts_on_target,attempts_at_goal,attempts_at_goal_conversion_pct,attempts_inside_penalty_area,attempts_outside_penalty_area,headed_attempts_at_goal,xg,xg_efficiency,corners,source_url,retrieved_date
1,Kylian Mbappe,FRA,FW,4,23,41,24,27,14,0,6.54,1.53x,5,https://www.fifa.com/en/tournaments/mens/worldcup/canadamexicousa2026/statistics/player-statistics,2026-08-31
2,Lionel Messi,ARG,FW,4,19,35,23,16,19,0,6.18,1.29x,38,https://www.fifa.com/en/tournaments/mens/worldcup/canadamexicousa2026/statistics/player-statistics,2026-08-31
3,Lamine Yamal,ESP,FW,0,12,27,4,13,14,0,2.44,0.41x,15,https://www.fifa.com/en/tournaments/mens/worldcup/canadamexicousa2026/statistics/player-statistics,2026-08-31
4,Mikel Oyarzabal,ESP,FW,1,12,23,22,16,7,5,4.33,1.14x,0,https://www.fifa.com/en/tournaments/mens/worldcup/canadamexicousa2026/statistics/player-statistics,2026-08-31
4,Harry Kane,ENG,FW,1,11,23,26,18,5,5,3.69,1.63x,0,https://www.fifa.com/en/tournaments/mens/worldcup/canadamexicousa2026/statistics/player-statistics,2026-08-31
6,Kevin De Bruyne,BEL,MF,0,5,20,5,9,11,0,1.39,0.72x,14,https://www.fifa.com/en/tournaments/mens/worldcup/canadamexicousa2026/statistics/player-statistics,2026-08-31
6,Michael Olise,FRA,FW,7,5,20,0,10,10,0,2.34,0x,25,https://www.fifa.com/en/tournaments/mens/worldcup/canadamexicousa2026/statistics/player-statistics,2026-08-31
6,Ousmane Dembele,FRA,FW,2,10,20,30,13,7,1,2.1,2.86x,17,https://www.fifa.com/en/tournaments/mens/worldcup/canadamexicousa2026/statistics/player-statistics,2026-08-31
9,Jude Bellingham,ENG,MF,1,13,19,37,16,3,4,3.92,1.79x,0,https://www.fifa.com/en/tournaments/mens/worldcup/canadamexicousa2026/statistics/player-statistics,2026-08-31
9,Erling Haaland,NOR,FW,0,12,19,37,18,1,7,4.62,1.51x,0,https://www.fifa.com/en/tournaments/mens/worldcup/canadamexicousa2026/statistics/player-statistics,2026-08-31
9,Luis Diaz,COL,FW,1,7,19,5,15,4,0,1.47,0.68x,3,https://www.fifa.com/en/tournaments/mens/worldcup/canadamexicousa2026/statistics/player-statistics,2026-08-31
12,Raul Jimenez,MEX,FW,0,7,18,17,13,5,7,3,1x,0,https://www.fifa.com/en/tournaments/mens/worldcup/canadamexicousa2026/statistics/player-statistics,2026-08-31
12,Cristiano Ronaldo,POR,FW,0,9,18,17,15,3,0,2.94,1.02x,0,https://www.fifa.com/en/tournaments/mens/worldcup/canadamexicousa2026/statistics/player-statistics,2026-08-31
12,Jonathan David,CAN,FW,0,9,18,17,13,5,0,2.71,1.11x,0,https://www.fifa.com/en/tournaments/mens/worldcup/canadamexicousa2026/statistics/player-statistics,2026-08-31
15,Ismaila Sarr,SEN,FW,1,6,17,24,15,2,2,3.68,1.09x,0,https://www.fifa.com/en/tournaments/mens/worldcup/canadamexicousa2026/statistics/player-statistics,2026-08-31
15,Leandro Trossard,BEL,FW,2,4,17,12,10,7,0,1.67,1.2x,0,https://www.fifa.com/en/tournaments/mens/worldcup/canadamexicousa2026/statistics/player-statistics,2026-08-31
15,Vinicius Junior,BRA,FW,1,11,17,24,14,3,1,3.24,1.23x,2,https://www.fifa.com/en/tournaments/mens/worldcup/canadamexicousa2026/statistics/player-statistics,2026-08-31
18,Dan Ndoye,SUI,FW,0,8,16,13,15,1,1,0.86,2.31x,0,https://www.fifa.com/en/tournaments/mens/worldcup/canadamexicousa2026/statistics/player-statistics,2026-08-31
19,Ferran Torres,ESP,FW,1,4,14,7,13,1,5,2.72,0.37x,0,https://www.fifa.com/en/tournaments/mens/worldcup/canadamexicousa2026/statistics/player-statistics,2026-08-31
19,Kenan Yildiz,TUR,FW,0,1,14,0,11,3,0,0.38,0x,0,https://www.fifa.com/en/tournaments/mens/worldcup/canadamexicousa2026/statistics/player-statistics,2026-08-31
19,Folarin Balogun,USA,FW,0,5,14,21,14,0,2,2.02,1.49x,0,https://www.fifa.com/en/tournaments/mens/worldcup/canadamexicousa2026/statistics/player-statistics,2026-08-31
19,Gustavo Puerta,COL,DF,1,5,14,0,3,11,0,0.53,0x,0,https://www.fifa.com/en/tournaments/mens/worldcup/canadamexicousa2026/statistics/player-statistics,2026-08-31
19,Julian Quinones,MEX,FW,1,6,14,29,8,6,2,2.27,1.76x,0,https://www.fifa.com/en/tournaments/mens/worldcup/canadamexicousa2026/statistics/player-statistics,2026-08-31
19,Achraf Hakimi,MAR,DF,2,4,14,7,6,8,0,0.96,1.04x,21,https://www.fifa.com/en/tournaments/mens/worldcup/canadamexicousa2026/statistics/player-statistics,2026-08-31
25,Alexis Mac Allister,ARG,MF,1,4,13,8,10,3,9,1.92,0.52x,0,https://www.fifa.com/en/tournaments/mens/worldcup/canadamexicousa2026/statistics/player-statistics,2026-08-31
25,Dani Olmo,ESP,FW,2,2,13,0,7,6,2,1.16,0x,0,https://www.fifa.com/en/tournaments/mens/worldcup/canadamexicousa2026/statistics/player-statistics,2026-08-31
25,Desire Doue,FRA,FW,1,8,13,8,4,9,1,0.71,1.41x,2,https://www.fifa.com/en/tournaments/mens/worldcup/canadamexicousa2026/statistics/player-statistics,2026-08-31
25,Bukayo Saka,ENG,FW,3,7,13,23,11,2,1,1.72,1.74x,5,https://www.fifa.com/en/tournaments/mens/worldcup/canadamexicousa2026/statistics/player-statistics,2026-08-31
29,Marcus Rashford,ENG,FW,1,5,12,8,9,3,2,1.03,0.97x,0,https://www.fifa.com/en/tournaments/mens/worldcup/canadamexicousa2026/statistics/player-statistics,2026-08-31
29,Kai Havertz,GER,FW,0,7,12,25,11,1,7,2,1.5x,0,https://www.fifa.com/en/tournaments/mens/worldcup/canadamexicousa2026/statistics/player-statistics,2026-08-31
29,Arda Guler,TUR,FW,0,4,12,8,3,9,0,0.75,1.34x,11,https://www.fifa.com/en/tournaments/mens/worldcup/canadamexicousa2026/statistics/player-statistics,2026-08-31
29,Viktor Gyokeres,SWE,FW,2,6,12,8,9,3,0,1.39,0.72x,0,https://www.fifa.com/en/tournaments/mens/worldcup/canadamexicousa2026/statistics/player-statistics,2026-08-31
29,Alex Baena,ESP,MF,1,5,12,8,4,8,0,0.5,2x,28,https://www.fifa.com/en/tournaments/mens/worldcup/canadamexicousa2026/statistics/player-statistics,2026-08-31
29,Enzo Fernandez,ARG,MF,0,4,12,17,4,8,2,0.9,2.22x,0,https://www.fifa.com/en/tournaments/mens/worldcup/canadamexicousa2026/statistics/player-statistics,2026-08-31
35,Julian Alvarez,ARG,FW,0,5,11,9,7,4,0,1.39,0.72x,0,https://www.fifa.com/en/tournaments/mens/worldcup/canadamexicousa2026/statistics/player-statistics,2026-08-31
35,Hakan Calhanoglu,TUR,MF,0,2,11,0,2,9,0,0.4,0x,8,https://www.fifa.com/en/tournaments/mens/worldcup/canadamexicousa2026/statistics/player-statistics,2026-08-31
35,Omar Marmoush,EGY,FW,0,1,11,0,8,3,0,0.91,0x,3,https://www.fifa.com/en/tournaments/mens/worldcup/canadamexicousa2026/statistics/player-statistics,2026-08-31
35,Youri Tielemans,BEL,MF,0,3,11,18,7,4,2,1.5,1.33x,5,https://www.fifa.com/en/tournaments/mens/worldcup/canadamexicousa2026/statistics/player-statistics,2026-08-31
35,Ibrahim Maza,ALG,MF,0,3,11,0,7,4,1,1.06,0x,0,https://www.fifa.com/en/tournaments/mens/worldcup/canadamexicousa2026/statistics/player-statistics,2026-08-31
35,Yoane Wissa,COD,FW,0,3,11,27,7,4,2,1.79,1.68x,0,https://www.fifa.com/en/tournaments/mens/worldcup/canadamexicousa2026/statistics/player-statistics,2026-08-31
41,Ismael Saibari,MAR,MF,0,3,10,30,7,3,1,1.01,2.97x,0,https://www.fifa.com/en/tournaments/mens/worldcup/canadamexicousa2026/statistics/player-statistics,2026-08-31
41,Emam Ashour,EGY,MF,0,2,10,20,5,5,1,1.06,1.89x,4,https://www.fifa.com/en/tournaments/mens/worldcup/canadamexicousa2026/statistics/player-statistics,2026-08-31
41,Lautaro Martinez,ARG,FW,1,4,10,30,9,1,2,2.17,1.38x,0,https://www.fifa.com/en/tournaments/mens/worldcup/canadamexicousa2026/statistics/player-statistics,2026-08-31
41,Federico Valverde,URU,MF,0,2,10,0,3,7,0,0.5,0x,2,https://www.fifa.com/en/tournaments/mens/worldcup/canadamexicousa2026/statistics/player-statistics,2026-08-31
41,Enner Valencia,ECU,FW,0,6,10,0,9,1,2,1.53,0x,0,https://www.fifa.com/en/tournaments/mens/worldcup/canadamexicousa2026/statistics/player-statistics,2026-08-31
41,Matheus Cunha,BRA,FW,0,4,10,30,5,5,1,1.21,2.49x,3,https://www.fifa.com/en/tournaments/mens/worldcup/canadamexicousa2026/statistics/player-statistics,2026-08-31
41,Breel Embolo,SUI,FW,2,5,10,20,8,2,2,2.58,0.78x,0,https://www.fifa.com/en/tournaments/mens/worldcup/canadamexicousa2026/statistics/player-statistics,2026-08-31
41,Bradley Barcola,FRA,FW,1,5,10,30,7,3,1,1.99,1.51x,0,https://www.fifa.com/en/tournaments/mens/worldcup/canadamexicousa2026/statistics/player-statistics,2026-08-31
41,Cody Gakpo,NED,FW,1,6,10,30,8,2,2,1.35,2.23x,1,https://www.fifa.com/en/tournaments/mens/worldcup/canadamexicousa2026/statistics/player-statistics,2026-08-31
41,Florian Wirtz,GER,MF,3,1,10,0,5,5,0,0.97,0x,5,https://www.fifa.com/en/tournaments/mens/worldcup/canadamexicousa2026/statistics/player-statistics,2026-08-31
41,Maxim De Cuyper,BEL,DF,0,6,10,0,5,5,0,1.09,0x,4,https://www.fifa.com/en/tournaments/mens/worldcup/canadamexicousa2026/statistics/player-statistics,2026-08-31
52,Martin Odegaard,NOR,MF,4,3,9,0,5,4,0,0.72,0x,12,https://www.fifa.com/en/tournaments/mens/worldcup/canadamexicousa2026/statistics/player-statistics,2026-08-31
52,Adrien Rabiot,FRA,MF,1,1,9,0,4,5,2,0.96,0x,0,https://www.fifa.com/en/tournaments/mens/worldcup/canadamexicousa2026/statistics/player-statistics,2026-08-31
52,Bruno Fernandes,POR,MF,1,3,9,0,5,4,0,0.95,0x,8,https://www.fifa.com/en/tournaments/mens/worldcup/canadamexicousa2026/statistics/player-statistics,2026-08-31
52,Luis Suarez,COL,FW,1,0,9,0,7,2,2,0.96,0x,0,https://www.fifa.com/en/tournaments/mens/worldcup/canadamexicousa2026/statistics/player-statistics,2026-08-31
52,Jhon Arias,COL,MF,0,4,9,11,7,2,0,0.94,1.07x,4,https://www.fifa.com/en/tournaments/mens/worldcup/canadamexicousa2026/statistics/player-statistics,2026-08-31
52,Ayase Ueda,JPN,FW,1,4,9,22,5,4,2,0.63,3.15x,0,https://www.fifa.com/en/tournaments/mens/worldcup/canadamexicousa2026/statistics/player-statistics,2026-08-31
52,Fares Chaibi,ALG,MF,0,3,9,0,4,5,1,0.64,0x,4,https://www.fifa.com/en/tournaments/mens/worldcup/canadamexicousa2026/statistics/player-statistics,2026-08-31
52,Mohamed Salah,EGY,FW,2,4,9,11,7,2,1,0.95,1.05x,15,https://www.fifa.com/en/tournaments/mens/worldcup/canadamexicousa2026/statistics/player-statistics,2026-08-31
52,Cyle Larin,CAN,FW,0,4,9,22,9,0,3,1.27,1.58x,0,https://www.fifa.com/en/tournaments/mens/worldcup/canadamexicousa2026/statistics/player-statistics,2026-08-31
52,Granit Xhaka,SUI,MF,0,2,9,11,1,8,0,1.16,0.86x,0,https://www.fifa.com/en/tournaments/mens/worldcup/canadamexicousa2026/statistics/player-statistics,2026-08-31
62,Fabian Ruiz,ESP,MF,0,2,8,13,4,4,1,1.33,0.75x,0,https://www.fifa.com/en/tournaments/mens/worldcup/canadamexicousa2026/statistics/player-statistics,2026-08-31
62,Scott Mctominay,SCO,MF,0,3,8,0,8,0,3,0.65,0x,0,https://www.fifa.com/en/tournaments/mens/worldcup/canadamexicousa2026/statistics/player-statistics,2026-08-31
62,Alexander Isak,SWE,FW,3,6,8,13,5,3,1,0.68,1.48x,0,https://www.fifa.com/en/tournaments/mens/worldcup/canadamexicousa2026/statistics/player-statistics,2026-08-31
62,Mousa Altamari,JOR,FW,1,3,8,13,4,4,0,1.13,0.89x,0,https://www.fifa.com/en/tournaments/mens/worldcup/canadamexicousa2026/statistics/player-statistics,2026-08-31
62,Felix Nmecha,GER,MF,1,3,8,13,3,5,0,0.49,2.04x,0,https://www.fifa.com/en/tournaments/mens/worldcup/canadamexicousa2026/statistics/player-statistics,2026-08-31
62,Bruno Guimaraes,BRA,MF,4,2,8,0,5,3,1,1.02,0x,8,https://www.fifa.com/en/tournaments/mens/worldcup/canadamexicousa2026/statistics/player-statistics,2026-08-31
62,John Yeboah,ECU,FW,0,3,8,0,4,4,0,0.72,0x,3,https://www.fifa.com/en/tournaments/mens/worldcup/canadamexicousa2026/statistics/player-statistics,2026-08-31
62,Julio Enciso,PAR,FW,2,1,8,13,6,2,1,0.74,1.36x,2,https://www.fifa.com/en/tournaments/mens/worldcup/canadamexicousa2026/statistics/player-statistics,2026-08-31
62,Gonzalo Plata,ECU,FW,0,5,8,13,4,4,1,1.16,0.86x,4,https://www.fifa.com/en/tournaments/mens/worldcup/canadamexicousa2026/statistics/player-statistics,2026-08-31
62,Malik Tillman,USA,MF,1,4,8,25,5,3,0,0.73,2.75x,10,https://www.fifa.com/en/tournaments/mens/worldcup/canadamexicousa2026/statistics/player-statistics,2026-08-31
62,Mostafa Zico,EGY,MF,1,3,8,25,7,1,2,1.1,1.82x,0,https://www.fifa.com/en/tournaments/mens/worldcup/canadamexicousa2026/statistics/player-statistics,2026-08-31
62,Pape Gueye,SEN,MF,1,3,8,25,1,7,0,0.37,5.4x,0,https://www.fifa.com/en/tournaments/mens/worldcup/canadamexicousa2026/statistics/player-statistics,2026-08-31
62,Amad Diallo,CIV,FW,0,4,8,25,6,2,0,1.44,1.39x,4,https://www.fifa.com/en/tournaments/mens/worldcup/canadamexicousa2026/statistics/player-statistics,2026-08-31
62,Thapelo Maseko,RSA,FW,0,1,8,13,4,4,0,0.47,2.13x,1,https://www.fifa.com/en/tournaments/mens/worldcup/canadamexicousa2026/statistics/player-statistics,2026-08-31
62,Tani Oluwaseyi,CAN,FW,0,4,8,0,8,0,2,0.99,0x,0,https://www.fifa.com/en/tournaments/mens/worldcup/canadamexicousa2026/statistics/player-statistics,2026-08-31
62,Trezeguet,EGY,FW,1,3,8,13,6,2,3,0.71,1.4x,0,https://www.fifa.com/en/tournaments/mens/worldcup/canadamexicousa2026/statistics/player-statistics,2026-08-31
78,Neil El Aynaoui,MAR,MF,0,2,7,0,5,2,4,0.6,0x,1,https://www.fifa.com/en/tournaments/mens/worldcup/canadamexicousa2026/statistics/player-statistics,2026-08-31
78,Nicolas Jackson,SEN,FW,1,3,7,0,6,1,2,0.56,0x,0,https://www.fifa.com/en/tournaments/mens/worldcup/canadamexicousa2026/statistics/player-statistics,2026-08-31
78,Elliot Anderson,ENG,MF,1,1,7,0,3,4,2,0.38,0x,3,https://www.fifa.com/en/tournaments/mens/worldcup/canadamexicousa2026/statistics/player-statistics,2026-08-31
78,Nico Oreilly,ENG,DF,0,1,7,0,6,1,5,0.88,0x,0,https://www.fifa.com/en/tournaments/mens/worldcup/canadamexicousa2026/statistics/player-statistics,2026-08-31
78,Dodi Lukebakio,BEL,FW,0,1,7,0,5,2,1,0.41,0x,0,https://www.fifa.com/en/tournaments/mens/worldcup/canadamexicousa2026/statistics/player-statistics,2026-08-31
78,Yasin Ayari,SWE,MF,0,3,7,29,1,6,0,0.44,4.59x,9,https://www.fifa.com/en/tournaments/mens/worldcup/canadamexicousa2026/statistics/player-statistics,2026-08-31
78,Rodri,ESP,MF,0,0,7,0,2,5,1,0.27,0x,0,https://www.fifa.com/en/tournaments/mens/worldcup/canadamexicousa2026/statistics/player-statistics,2026-08-31
78,Pedro Porro,ESP,DF,0,3,7,29,4,3,1,1.1,1.82x,0,https://www.fifa.com/en/tournaments/mens/worldcup/canadamexicousa2026/statistics/player-statistics,2026-08-31
78,Michal Sadilek,CZE,MF,0,3,7,14,5,2,1,0.7,1.42x,5,https://www.fifa.com/en/tournaments/mens/worldcup/canadamexicousa2026/statistics/player-statistics,2026-08-31
78,Fabian Rieder,SUI,MF,0,2,7,0,4,3,0,1.09,0x,8,https://www.fifa.com/en/tournaments/mens/worldcup/canadamexicousa2026/statistics/player-statistics,2026-08-31
78,Elijah Just,NZL,MF,0,5,7,43,5,2,0,0.86,3.48x,0,https://www.fifa.com/en/tournaments/mens/worldcup/canadamexicousa2026/statistics/player-statistics,2026-08-31
78,Son Heungmin,KOR,FW,0,1,7,0,4,3,0,0.81,0x,3,https://www.fifa.com/en/tournaments/mens/worldcup/canadamexicousa2026/statistics/player-statistics,2026-08-31
78,Nico Gonzalez,ARG,MF,1,1,7,0,7,0,4,0.48,0x,0,https://www.fifa.com/en/tournaments/mens/worldcup/canadamexicousa2026/statistics/player-statistics,2026-08-31
91,Jaminton Campaz,COL,FW,0,3,6,17,3,3,1,0.64,1.56x,0,https://www.fifa.com/en/tournaments/mens/worldcup/canadamexicousa2026/statistics/player-statistics,2026-08-31
91,James Rodriguez,COL,MF,0,3,6,0,2,4,0,0.24,0x,11,https://www.fifa.com/en/tournaments/mens/worldcup/canadamexicousa2026/statistics/player-statistics,2026-08-31
91,Kevin Rodriguez,ECU,FW,1,1,6,0,6,0,2,0.68,0x,0,https://www.fifa.com/en/tournaments/mens/worldcup/canadamexicousa2026/statistics/player-statistics,2026-08-31
91,Diego Gomez,PAR,MF,0,0,6,0,2,4,0,0.25,0x,1,https://www.fifa.com/en/tournaments/mens/worldcup/canadamexicousa2026/statistics/player-statistics,2026-08-31
91,Davinson Sanchez,COL,DF,0,2,6,0,5,1,4,0.54,0x,0,https://www.fifa.com/en/tournaments/mens/worldcup/canadamexicousa2026/statistics/player-statistics,2026-08-31
91,Federico Vinas,URU,FW,0,3,6,0,6,0,5,0.39,0x,0,https://www.fifa.com/en/tournaments/mens/worldcup/canadamexicousa2026/statistics/player-statistics,2026-08-31
91,Brian Gutierrez,MEX,MF,0,0,6,0,3,3,0,0.35,0x,3,https://www.fifa.com/en/tournaments/mens/worldcup/canadamexicousa2026/statistics/player-statistics,2026-08-31
91,Ismael Diaz,PAN,MF,0,2,6,0,4,2,2,0.39,0x,0,https://www.fifa.com/en/tournaments/mens/worldcup/canadamexicousa2026/statistics/player-statistics,2026-08-31
91,Merih Demiral,TUR,DF,0,2,6,0,3,3,2,0.24,0x,0,https://www.fifa.com/en/tournaments/mens/worldcup/canadamexicousa2026/statistics/player-statistics,2026-08-31
91,Ruben Vargas,SUI,FW,1,4,6,33,4,2,0,1.31,1.53x,11,https://www.fifa.com/en/tournaments/mens/worldcup/canadamexicousa2026/statistics/player-statistics,2026-08-31
91,Nestory Irankunda,AUS,FW,0,3,6,17,4,2,1,0.81,1.23x,0,https://www.fifa.com/en/tournaments/mens/worldcup/canadamexicousa2026/statistics/player-statistics,2026-08-31
91,Johan Manzambi,SUI,MF,2,3,6,50,4,2,0,0.63,4.73x,0,https://www.fifa.com/en/tournaments/mens/worldcup/canadamexicousa2026/statistics/player-statistics,2026-08-31
91,Brahim Diaz,MAR,FW,4,1,6,0,4,2,0,0.31,0x,1,https://www.fifa.com/en/tournaments/mens/worldcup/canadamexicousa2026/statistics/player-statistics,2026-08-31
91,Sadio Mane,SEN,FW,1,3,6,0,4,2,0,0.58,0x,1,https://www.fifa.com/en/tournaments/mens/worldcup/canadamexicousa2026/statistics/player-statistics,2026-08-31
91,Antoine Semenyo,GHA,MF,0,0,6,0,3,3,1,0.26,0x,0,https://www.fifa.com/en/tournaments/mens/worldcup/canadamexicousa2026/statistics/player-statistics,2026-08-31
91,Bilal El Khannouss,MAR,MF,0,4,6,0,2,4,1,0.28,0x,2,https://www.fifa.com/en/tournaments/mens/worldcup/canadamexicousa2026/statistics/player-statistics,2026-08-31
91,Jean Ricner Bellegarde,HAI,MF,0,0,6,0,1,5,1,0.29,0x,5,https://www.fifa.com/en/tournaments/mens/worldcup/canadamexicousa2026/statistics/player-statistics,2026-08-31
91,Nicolas Pepe,CIV,FW,1,3,6,33,5,1,0,1.42,1.41x,6,https://www.fifa.com/en/tournaments/mens/worldcup/canadamexicousa2026/statistics/player-statistics,2026-08-31
91,Soufiane Rahimi,MAR,FW,1,4,6,33,5,1,2,1.59,1.26x,0,https://www.fifa.com/en/tournaments/mens/worldcup/canadamexicousa2026/statistics/player-statistics,2026-08-31
91,Tajon Buchanan,CAN,FW,0,3,6,0,3,3,0,0.68,0x,1,https://www.fifa.com/en/tournaments/mens/worldcup/canadamexicousa2026/statistics/player-statistics,2026-08-31
91,Noni Madueke,ENG,FW,0,1,6,0,4,2,0,0.61,0x,0,https://www.fifa.com/en/tournaments/mens/worldcup/canadamexicousa2026/statistics/player-statistics,2026-08-31
91,Charles De Ketelaere,BEL,FW,1,5,6,50,6,0,3,1.51,1.98x,0,https://www.fifa.com/en/tournaments/mens/worldcup/canadamexicousa2026/statistics/player-statistics,2026-08-31
91,Anthony Gordon,ENG,FW,3,4,6,17,6,0,2,0.7,1.43x,0,https://www.fifa.com/en/tournaments/mens/worldcup/canadamexicousa2026/statistics/player-statistics,2026-08-31
91,Leroy Sane,GER,MF,0,2,6,17,5,1,0,1.57,0.64x,1,https://www.fifa.com/en/tournaments/mens/worldcup/canadamexicousa2026/statistics/player-statistics,2026-08-31
91,Antonio Nusa,NOR,FW,0,2,6,17,4,2,0,0.37,2.7x,0,https://www.fifa.com/en/tournaments/mens/worldcup/canadamexicousa2026/statistics/player-statistics,2026-08-31
91,Joao Felix,POR,FW,0,1,6,0,4,2,1,0.62,0x,0,https://www.fifa.com/en/tournaments/mens/worldcup/canadamexicousa2026/statistics/player-statistics,2026-08-31
91,Romelu Lukaku,BEL,FW,1,3,6,50,6,0,2,0.77,3.91x,0,https://www.fifa.com/en/tournaments/mens/worldcup/canadamexicousa2026/statistics/player-statistics,2026-08-31
91,Jamal Musiala,GER,MF,0,1,6,17,4,2,0,0.34,2.92x,0,https://www.fifa.com/en/tournaments/mens/worldcup/canadamexicousa2026/statistics/player-statistics,2026-08-31
91,Manu Kone,FRA,MF,0,2,6,0,1,5,0,0.19,0x,0,https://www.fifa.com/en/tournaments/mens/worldcup/canadamexicousa2026/statistics/player-statistics,2026-08-31
91,Deniz Undav,GER,FW,2,4,6,50,5,1,0,1.43,2.1x,0,https://www.fifa.com/en/tournaments/mens/worldcup/canadamexicousa2026/statistics/player-statistics,2026-08-31
91,Declan Rice,ENG,MF,2,3,6,17,3,3,1,0.31,3.23x,30,https://www.fifa.com/en/tournaments/mens/worldcup/canadamexicousa2026/statistics/player-statistics,2026-08-31
91,Saeid Ezatolahi,IRN,MF,0,2,6,0,2,4,2,0.49,0x,0,https://www.fifa.com/en/tournaments/mens/worldcup/canadamexicousa2026/statistics/player-statistics,2026-08-31
91,Riyad Mahrez,ALG,FW,1,3,6,33,4,2,0,1.49,1.34x,5,https://www.fifa.com/en/tournaments/mens/worldcup/canadamexicousa2026/statistics/player-statistics,2026-08-31
91,Brian Cipenga,COD,FW,0,1,6,17,2,4,0,0.23,4.32x,1,https://www.fifa.com/en/tournaments/mens/worldcup/canadamexicousa2026/statistics/player-statistics,2026-08-31
91,Ali Alhamadi,IRQ,FW,0,0,6,0,4,2,2,0.95,0x,0,https://www.fifa.com/en/tournaments/mens/worldcup/canadamexicousa2026/statistics/player-statistics,2026-08-31
91,Ali Olwan,JOR,FW,0,3,6,17,4,2,1,0.25,3.93x,0,https://www.fifa.com/en/tournaments/mens/worldcup/canadamexicousa2026/statistics/player-statistics,2026-08-31
91,Ryan Mendes,CPV,FW,1,0,6,0,3,3,0,0.07,0x,0,https://www.fifa.com/en/tournaments/mens/worldcup/canadamexicousa2026/statistics/player-statistics,2026-08-31
91,Leandro Bacuna,CUW,MF,0,1,6,0,3,3,2,0.33,0x,1,https://www.fifa.com/en/tournaments/mens/worldcup/canadamexicousa2026/statistics/player-statistics,2026-08-31
129,Juninho Bacuna,CUW,MF,0,1,5,0,2,3,1,0.33,0x,2,https://www.fifa.com/en/tournaments/mens/worldcup/canadamexicousa2026/statistics/player-statistics,2026-08-31
129,Livano Comenencia,CUW,MF,0,2,5,20,2,3,0,0.31,3.25x,0,https://www.fifa.com/en/tournaments/mens/worldcup/canadamexicousa2026/statistics/player-statistics,2026-08-31
129,Aubrey Modiba,RSA,DF,0,1,5,0,1,4,0,0.12,0x,2,https://www.fifa.com/en/tournaments/mens/worldcup/canadamexicousa2026/statistics/player-statistics,2026-08-31
129,Idrissa Gana Gueye,SEN,MF,0,1,5,0,0,5,0,0.12,0x,0,https://www.fifa.com/en/tournaments/mens/worldcup/canadamexicousa2026/statistics/player-statistics,2026-08-31
129,Promise David,CAN,FW,1,3,5,20,3,2,1,0.75,1.34x,0,https://www.fifa.com/en/tournaments/mens/worldcup/canadamexicousa2026/statistics/player-statistics,2026-08-31
129,Kevin Pina,CPV,MF,0,1,5,20,0,5,0,0.09,11.33x,0,https://www.fifa.com/en/tournaments/mens/worldcup/canadamexicousa2026/statistics/player-statistics,2026-08-31
129,Azzedine Ounahi,MAR,MF,0,3,5,40,1,4,0,0.33,6.13x,2,https://www.fifa.com/en/tournaments/mens/worldcup/canadamexicousa2026/statistics/player-statistics,2026-08-31
129,Alistair Johnston,CAN,DF,0,2,5,0,4,1,2,0.18,0x,2,https://www.fifa.com/en/tournaments/mens/worldcup/canadamexicousa2026/statistics/player-statistics,2026-08-31
129,Derek Cornelius,CAN,DF,0,1,5,0,5,0,4,0.74,0x,0,https://www.fifa.com/en/tournaments/mens/worldcup/canadamexicousa2026/statistics/player-statistics,2026-08-31
129,Wilson Isidor,HAI,FW,0,2,5,20,2,3,1,0.15,6.67x,0,https://www.fifa.com/en/tournaments/mens/worldcup/canadamexicousa2026/statistics/player-statistics,2026-08-31
129,Seko Fofana,CIV,MF,0,1,5,0,0,5,0,0.4,0x,0,https://www.fifa.com/en/tournaments/mens/worldcup/canadamexicousa2026/statistics/player-statistics,2026-08-31
129,Thiago Almada,ARG,FW,0,2,5,0,2,3,0,0.25,0x,0,https://www.fifa.com/en/tournaments/mens/worldcup/canadamexicousa2026/statistics/player-statistics,2026-08-31
129,Ricardo Pepi,USA,FW,0,0,5,0,5,0,2,0.38,0x,0,https://www.fifa.com/en/tournaments/mens/worldcup/canadamexicousa2026/statistics/player-statistics,2026-08-31
129,Richard Rios,COL,MF,0,1,5,0,2,3,1,0.37,0x,0,https://www.fifa.com/en/tournaments/mens/worldcup/canadamexicousa2026/statistics/player-statistics,2026-08-31
129,Rayan,BRA,FW,1,2,5,0,3,2,1,0.76,0x,1,https://www.fifa.com/en/tournaments/mens/worldcup/canadamexicousa2026/statistics/player-statistics,2026-08-31
129,Jefferson Lerma,COL,MF,0,1,5,0,2,3,0,0.24,0x,0,https://www.fifa.com/en/tournaments/mens/worldcup/canadamexicousa2026/statistics/player-statistics,2026-08-31
129,Weston Mckennie,USA,MF,0,1,5,0,4,1,2,0.6,0x,0,https://www.fifa.com/en/tournaments/mens/worldcup/canadamexicousa2026/statistics/player-statistics,2026-08-31
129,Roberto Alvarado,MEX,FW,3,0,5,0,2,3,0,0.28,0x,14,https://www.fifa.com/en/tournaments/mens/worldcup/canadamexicousa2026/statistics/player-statistics,2026-08-31
129,Gilberto Mora,MEX,MF,0,0,5,0,3,2,0,0.13,0x,2,https://www.fifa.com/en/tournaments/mens/worldcup/canadamexicousa2026/statistics/player-statistics,2026-08-31
129,Amir Murillo,PAN,DF,0,1,5,0,4,1,0,0.37,0x,0,https://www.fifa.com/en/tournaments/mens/worldcup/canadamexicousa2026/statistics/player-statistics,2026-08-31
129,Lucas Paqueta,BRA,MF,1,1,5,0,2,3,1,0.24,0x,1,https://www.fifa.com/en/tournaments/mens/worldcup/canadamexicousa2026/statistics/player-statistics,2026-08-31
129,Carlos Harvey,PAN,DF,0,0,5,0,4,1,2,0.29,0x,0,https://www.fifa.com/en/tournaments/mens/worldcup/canadamexicousa2026/statistics/player-statistics,2026-08-31
129,Denis Zakaria,SUI,MF,0,2,5,0,5,0,1,0.61,0x,0,https://www.fifa.com/en/tournaments/mens/worldcup/canadamexicousa2026/statistics/player-statistics,2026-08-31
129,Aymeric Laporte,ESP,DF,1,2,5,0,3,2,3,0.36,0x,0,https://www.fifa.com/en/tournaments/mens/worldcup/canadamexicousa2026/statistics/player-statistics,2026-08-31
129,Mikel Merino,ESP,MF,0,3,5,40,5,0,1,1.57,1.27x,0,https://www.fifa.com/en/tournaments/mens/worldcup/canadamexicousa2026/statistics/player-statistics,2026-08-31
129,Jordan Bos,AUS,DF,0,2,5,0,3,2,0,0.42,0x,0,https://www.fifa.com/en/tournaments/mens/worldcup/canadamexicousa2026/statistics/player-statistics,2026-08-31
129,Ismail Yuksek,TUR,MF,0,0,5,0,3,2,1,0.32,0x,0,https://www.fifa.com/en/tournaments/mens/worldcup/canadamexicousa2026/statistics/player-statistics,2026-08-31
129,Chris Wood,NZL,FW,2,2,5,0,3,2,2,0.47,0x,0,https://www.fifa.com/en/tournaments/mens/worldcup/canadamexicousa2026/statistics/player-statistics,2026-08-31
129,Ladislav Krejci,CZE,DF,0,1,5,20,5,0,5,0.54,1.85x,0,https://www.fifa.com/en/tournaments/mens/worldcup/canadamexicousa2026/statistics/player-statistics,2026-08-31
129,Pedri,ESP,MF,0,2,5,0,1,4,0,0.47,0x,8,https://www.fifa.com/en/tournaments/mens/worldcup/canadamexicousa2026/statistics/player-statistics,2026-08-31
129,Connor Metcalfe,AUS,MF,0,2,5,20,1,4,0,0.11,9.21x,3,https://www.fifa.com/en/tournaments/mens/worldcup/canadamexicousa2026/statistics/player-statistics,2026-08-31
129,Marc Cucurella,ESP,DF,2,3,5,0,3,2,1,0.35,0x,0,https://www.fifa.com/en/tournaments/mens/worldcup/canadamexicousa2026/statistics/player-statistics,2026-08-31
129,Mehdi Taremi,IRN,FW,0,2,5,0,4,1,1,1.34,0x,0,https://www.fifa.com/en/tournaments/mens/worldcup/canadamexicousa2026/statistics/player-statistics,2026-08-31
129,Jamiro Monteiro,CPV,MF,0,1,5,0,2,3,0,0.19,0x,4,https://www.fifa.com/en/tournaments/mens/worldcup/canadamexicousa2026/statistics/player-statistics,2026-08-31
129,Keito Nakamura,JPN,MF,1,2,5,20,2,3,0,0.17,5.98x,0,https://www.fifa.com/en/tournaments/mens/worldcup/canadamexicousa2026/statistics/player-statistics,2026-08-31
129,Fiston Mayele,COD,FW,0,1,5,20,4,1,1,0.72,1.39x,0,https://www.fifa.com/en/tournaments/mens/worldcup/canadamexicousa2026/statistics/player-statistics,2026-08-31
129,Arthur Theate,BEL,DF,0,1,5,0,3,2,2,0.25,0x,0,https://www.fifa.com/en/tournaments/mens/worldcup/canadamexicousa2026/statistics/player-statistics,2026-08-31
129,Joshua Kimmich,GER,DF,2,1,5,0,1,4,0,0.15,0x,15,https://www.fifa.com/en/tournaments/mens/worldcup/canadamexicousa2026/statistics/player-statistics,2026-08-31
129,Eberechi Eze,ENG,MF,1,0,5,0,2,3,0,0.28,0x,1,https://www.fifa.com/en/tournaments/mens/worldcup/canadamexicousa2026/statistics/player-statistics,2026-08-31
129,Hans Vanaken,BEL,MF,2,1,5,20,4,1,0,0.64,1.56x,0,https://www.fifa.com/en/tournaments/mens/worldcup/canadamexicousa2026/statistics/player-statistics,2026-08-31
129,Denzel Dumfries,NED,DF,2,2,5,0,4,1,2,0.44,0x,0,https://www.fifa.com/en/tournaments/mens/worldcup/canadamexicousa2026/statistics/player-statistics,2026-08-31
129,Mateo Kovacic,CRO,MF,1,4,5,0,1,4,0,0.46,0x,0,https://www.fifa.com/en/tournaments/mens/worldcup/canadamexicousa2026/statistics/player-statistics,2026-08-31
129,Marcel Sabitzer,AUT,MF,0,2,5,20,1,4,0,0.46,2.19x,9,https://www.fifa.com/en/tournaments/mens/worldcup/canadamexicousa2026/statistics/player-statistics,2026-08-31
129,Ryan Gravenberch,NED,MF,2,0,5,0,2,3,0,0.25,0x,0,https://www.fifa.com/en/tournaments/mens/worldcup/canadamexicousa2026/statistics/player-statistics,2026-08-31
129,Brandon Mechele,BEL,DF,0,1,5,0,5,0,4,0.39,0x,0,https://www.fifa.com/en/tournaments/mens/worldcup/canadamexicousa2026/statistics/player-statistics,2026-08-31
129,Alexander Sorloth,NOR,FW,0,1,5,0,5,0,1,0.6,0x,0,https://www.fifa.com/en/tournaments/mens/worldcup/canadamexicousa2026/statistics/player-statistics,2026-08-31
175,Tijjani Reijnders,NED,MF,1,2,4,0,3,1,0,0.48,0x,10,https://www.fifa.com/en/tournaments/mens/worldcup/canadamexicousa2026/statistics/player-statistics,2026-08-31
175,Igor Matanovic,CRO,FW,0,2,4,0,3,1,2,0.12,0x,0,https://www.fifa.com/en/tournaments/mens/worldcup/canadamexicousa2026/statistics/player-statistics,2026-08-31
175,Oscar Bobb,NOR,MF,0,3,4,0,4,0,0,0.62,0x,0,https://www.fifa.com/en/tournaments/mens/worldcup/canadamexicousa2026/statistics/player-statistics,2026-08-31
175,Aleksandar Pavlovic,GER,MF,0,1,4,0,1,3,0,0.37,0x,0,https://www.fifa.com/en/tournaments/mens/worldcup/canadamexicousa2026/statistics/player-statistics,2026-08-31
175,Brian Brobbey,NED,FW,0,3,4,75,4,0,0,1.4,2.14x,0,https://www.fifa.com/en/tournaments/mens/worldcup/canadamexicousa2026/statistics/player-statistics,2026-08-31
175,Alexis Saelemaekers,BEL,MF,0,1,4,25,3,1,0,0.14,7.01x,1,https://www.fifa.com/en/tournaments/mens/worldcup/canadamexicousa2026/statistics/player-statistics,2026-08-31
175,Mario Pasalic,CRO,MF,0,1,4,0,1,3,1,0.36,0x,0,https://www.fifa.com/en/tournaments/mens/worldcup/canadamexicousa2026/statistics/player-statistics,2026-08-31
175,Rafael Leao,POR,FW,1,1,4,25,3,1,0,0.33,3.07x,3,https://www.fifa.com/en/tournaments/mens/worldcup/canadamexicousa2026/statistics/player-statistics,2026-08-31
175,Donyell Malen,NED,FW,0,2,4,0,2,2,1,0.22,0x,0,https://www.fifa.com/en/tournaments/mens/worldcup/canadamexicousa2026/statistics/player-statistics,2026-08-31
175,Dayot Upamecano,FRA,DF,1,2,4,0,3,1,2,0.54,0x,0,https://www.fifa.com/en/tournaments/mens/worldcup/canadamexicousa2026/statistics/player-statistics,2026-08-31
175,Vitinha,POR,MF,0,0,4,0,0,4,0,0.12,0x,0,https://www.fifa.com/en/tournaments/mens/worldcup/canadamexicousa2026/statistics/player-statistics,2026-08-31
175,Agustin Canobbio,URU,MF,0,1,4,25,4,0,1,0.75,1.33x,0,https://www.fifa.com/en/tournaments/mens/worldcup/canadamexicousa2026/statistics/player-statistics,2026-08-31
175,Casemiro,BRA,MF,0,2,4,25,2,2,2,0.66,1.51x,0,https://www.fifa.com/en/tournaments/mens/worldcup/canadamexicousa2026/statistics/player-statistics,2026-08-31
175,Jesus Gallardo,MEX,DF,0,0,4,0,2,2,0,0.12,0x,0,https://www.fifa.com/en/tournaments/mens/worldcup/canadamexicousa2026/statistics/player-statistics,2026-08-31
175,Alex Freeman,USA,DF,1,1,4,25,4,0,3,0.78,1.28x,0,https://www.fifa.com/en/tournaments/mens/worldcup/canadamexicousa2026/statistics/player-statistics,2026-08-31
175,Maxi Araujo,URU,MF,1,3,4,50,3,1,2,1.09,1.83x,10,https://www.fifa.com/en/tournaments/mens/worldcup/canadamexicousa2026/statistics/player-statistics,2026-08-31
175,Leandro Paredes,ARG,MF,0,1,4,0,0,4,0,0.07,0x,1,https://www.fifa.com/en/tournaments/mens/worldcup/canadamexicousa2026/statistics/player-statistics,2026-08-31
175,Juan Quintero,COL,MF,1,0,4,0,0,4,0,0.13,0x,6,https://www.fifa.com/en/tournaments/mens/worldcup/canadamexicousa2026/statistics/player-statistics,2026-08-31
175,Miguel Almiron,PAR,MF,0,0,4,0,1,3,0,0.11,0x,2,https://www.fifa.com/en/tournaments/mens/worldcup/canadamexicousa2026/statistics/player-statistics,2026-08-31
175,Nicolas De La Cruz,URU,MF,0,2,4,0,1,3,0,0.11,0x,4,https://www.fifa.com/en/tournaments/mens/worldcup/canadamexicousa2026/statistics/player-statistics,2026-08-31
175,Lisandro Martinez,ARG,DF,1,2,4,25,2,2,0,0.2,5.09x,0,https://www.fifa.com/en/tournaments/mens/worldcup/canadamexicousa2026/statistics/player-statistics,2026-08-31
175,Pedro Vite,ECU,MF,1,1,4,0,1,3,0,0.23,0x,2,https://www.fifa.com/en/tournaments/mens/worldcup/canadamexicousa2026/statistics/player-statistics,2026-08-31
175,Christian Pulisic,USA,FW,1,2,4,0,2,2,0,0.42,0x,1,https://www.fifa.com/en/tournaments/mens/worldcup/canadamexicousa2026/statistics/player-statistics,2026-08-31
175,Mauricio,PAR,MF,0,3,4,25,2,2,0,0.32,3.12x,5,https://www.fifa.com/en/tournaments/mens/worldcup/canadamexicousa2026/statistics/player-statistics,2026-08-31
175,Rodrigo Bentancur,URU,MF,0,0,4,0,3,1,3,0.32,0x,0,https://www.fifa.com/en/tournaments/mens/worldcup/canadamexicousa2026/statistics/player-statistics,2026-08-31
175,Moises Caicedo,ECU,MF,0,1,4,0,1,3,1,0.19,0x,8,https://www.fifa.com/en/tournaments/mens/worldcup/canadamexicousa2026/statistics/player-statistics,2026-08-31
175,Kerim Alajbegovic,BIH,FW,0,1,4,25,1,3,0,0.14,7.25x,7,https://www.fifa.com/en/tournaments/mens/worldcup/canadamexicousa2026/statistics/player-statistics,2026-08-31
175,Tahith Chong,CUW,MF,0,2,4,0,2,2,0,0.2,0x,0,https://www.fifa.com/en/tournaments/mens/worldcup/canadamexicousa2026/statistics/player-statistics,2026-08-31
175,Ermin Mahmic,BIH,MF,0,2,4,50,2,2,0,0.34,5.88x,0,https://www.fifa.com/en/tournaments/mens/worldcup/canadamexicousa2026/statistics/player-statistics,2026-08-31
175,Stephen Eustaquio,CAN,MF,0,1,4,25,0,4,0,0.1,10.34x,44,https://www.fifa.com/en/tournaments/mens/worldcup/canadamexicousa2026/statistics/player-statistics,2026-08-31
175,Thalente Mbatha,RSA,MF,0,1,4,0,0,4,0,0.11,0x,0,https://www.fifa.com/en/tournaments/mens/worldcup/canadamexicousa2026/statistics/player-statistics,2026-08-31
175,Marawan Attia,EGY,MF,1,1,4,0,1,3,0,0.05,0x,0,https://www.fifa.com/en/tournaments/mens/worldcup/canadamexicousa2026/statistics/player-statistics,2026-08-31
175,Mbekezeli Mbokazi,RSA,DF,0,1,4,0,0,4,0,0.06,0x,0,https://www.fifa.com/en/tournaments/mens/worldcup/canadamexicousa2026/statistics/player-statistics,2026-08-31
175,Pape Matar Sarr,SEN,MF,0,0,4,0,0,4,0,0.23,0x,0,https://www.fifa.com/en/tournaments/mens/worldcup/canadamexicousa2026/statistics/player-statistics,2026-08-31
175,Teboho Mokoena,RSA,MF,0,2,4,25,1,3,0,0.84,1.19x,0,https://www.fifa.com/en/tournaments/mens/worldcup/canadamexicousa2026/statistics/player-statistics,2026-08-31
175,Oswin Appollis,RSA,FW,0,1,4,0,0,4,0,0.15,0x,7,https://www.fifa.com/en/tournaments/mens/worldcup/canadamexicousa2026/statistics/player-statistics,2026-08-31
175,Mohamed Hany,EGY,DF,1,0,4,0,0,4,0,0.09,0x,0,https://www.fifa.com/en/tournaments/mens/worldcup/canadamexicousa2026/statistics/player-statistics,2026-08-31
175,Ibrahim Mbaye,SEN,FW,0,1,4,25,4,0,0,0.29,3.43x,0,https://www.fifa.com/en/tournaments/mens/worldcup/canadamexicousa2026/statistics/player-statistics,2026-08-31
175,Ghislain Konan,CIV,DF,0,0,4,0,3,1,0,0.28,0x,0,https://www.fifa.com/en/tournaments/mens/worldcup/canadamexicousa2026/statistics/player-statistics,2026-08-31
175,Franck Kessie,CIV,MF,0,2,4,25,4,0,0,0.71,1.4x,1,https://www.fifa.com/en/tournaments/mens/worldcup/canadamexicousa2026/statistics/player-statistics,2026-08-31
175,Ruben Providence,HAI,FW,0,1,4,0,4,0,0,0.19,0x,1,https://www.fifa.com/en/tournaments/mens/worldcup/canadamexicousa2026/statistics/player-statistics,2026-08-31
175,Ricardo Ade,HAI,DF,0,1,4,0,2,2,2,0.17,0x,0,https://www.fifa.com/en/tournaments/mens/worldcup/canadamexicousa2026/statistics/player-statistics,2026-08-31
175,Evidence Makgopa,RSA,FW,0,3,4,0,4,0,2,0.42,0x,0,https://www.fifa.com/en/tournaments/mens/worldcup/canadamexicousa2026/statistics/player-statistics,2026-08-31
175,Yan Diomande,CIV,FW,1,0,4,0,3,1,1,0.26,0x,11,https://www.fifa.com/en/tournaments/mens/worldcup/canadamexicousa2026/statistics/player-statistics,2026-08-31
175,Ramin Rezaeian,IRN,DF,1,2,4,50,4,0,0,0.97,2.06x,7,https://www.fifa.com/en/tournaments/mens/worldcup/canadamexicousa2026/statistics/player-statistics,2026-08-31
175,Sidny Lopes Cabral,CPV,DF,0,2,4,25,0,4,0,0.11,8.93x,8,https://www.fifa.com/en/tournaments/mens/worldcup/canadamexicousa2026/statistics/player-statistics,2026-08-31
175,Oh Hyeongyu,KOR,FW,0,2,4,25,4,0,2,0.6,1.67x,0,https://www.fifa.com/en/tournaments/mens/worldcup/canadamexicousa2026/statistics/player-statistics,2026-08-31
175,Ali Jasim,IRQ,FW,0,1,4,0,0,4,0,0.11,0x,3,https://www.fifa.com/en/tournaments/mens/worldcup/canadamexicousa2026/statistics/player-statistics,2026-08-31
175,Lee Kangin,KOR,MF,1,1,4,0,1,3,0,0.15,0x,9,https://www.fifa.com/en/tournaments/mens/worldcup/canadamexicousa2026/statistics/player-statistics,2026-08-31
175,Saman Ghoddos,IRN,MF,0,0,4,0,2,2,0,0.16,0x,0,https://www.fifa.com/en/tournaments/mens/worldcup/canadamexicousa2026/statistics/player-statistics,2026-08-31
175,Diney Borges,CPV,DF,0,2,4,0,3,1,3,0.18,0x,0,https://www.fifa.com/en/tournaments/mens/worldcup/canadamexicousa2026/statistics/player-statistics,2026-08-31
175,Hwang Inbeom,KOR,MF,1,2,4,25,2,2,0,0.37,2.74x,0,https://www.fifa.com/en/tournaments/mens/worldcup/canadamexicousa2026/statistics/player-statistics,2026-08-31
175,Abdulelah Alamri,KSA,DF,0,2,4,25,3,1,1,0.93,1.07x,0,https://www.fifa.com/en/tournaments/mens/worldcup/canadamexicousa2026/statistics/player-statistics,2026-08-31
175,David Doudera,CZE,DF,0,0,4,0,1,3,0,0.05,0x,0,https://www.fifa.com/en/tournaments/mens/worldcup/canadamexicousa2026/statistics/player-statistics,2026-08-31
175,Mohamed Toure,AUS,FW,0,1,4,0,4,0,1,0.26,0x,0,https://www.fifa.com/en/tournaments/mens/worldcup/canadamexicousa2026/statistics/player-statistics,2026-08-31
175,Ben Gannon Doak,SCO,FW,0,0,4,0,2,2,0,0.14,0x,0,https://www.fifa.com/en/tournaments/mens/worldcup/canadamexicousa2026/statistics/player-statistics,2026-08-31
175,Ivan Basic,BIH,MF,1,0,4,0,0,4,0,0.15,0x,5,https://www.fifa.com/en/tournaments/mens/worldcup/canadamexicousa2026/statistics/player-statistics,2026-08-31
175,Nico Williams,ESP,FW,1,2,4,0,2,2,1,0.56,0x,3,https://www.fifa.com/en/tournaments/mens/worldcup/canadamexicousa2026/statistics/player-statistics,2026-08-31
175,Can Uzun,TUR,FW,0,1,4,0,3,1,0,0.39,0x,0,https://www.fifa.com/en/tournaments/mens/worldcup/canadamexicousa2026/statistics/player-statistics,2026-08-31
175,Eldor Shomurodov,UZB,FW,0,2,4,25,4,0,0,0.17,5.79x,0,https://www.fifa.com/en/tournaments/mens/worldcup/canadamexicousa2026/statistics/player-statistics,2026-08-31
175,Sarpreet Singh,NZL,MF,0,2,4,0,2,2,0,0.22,0x,0,https://www.fifa.com/en/tournaments/mens/worldcup/canadamexicousa2026/statistics/player-statistics,2026-08-31
175,Lawrence Shankland,SCO,FW,0,0,4,0,4,0,2,0.35,0x,0,https://www.fifa.com/en/tournaments/mens/worldcup/canadamexicousa2026/statistics/player-statistics,2026-08-31
175,Pau Cubarsi,ESP,DF,0,2,4,0,1,3,1,0.3,0x,0,https://www.fifa.com/en/tournaments/mens/worldcup/canadamexicousa2026/statistics/player-statistics,2026-08-31
175,Cristian Volpato,AUS,FW,0,1,4,0,2,2,0,0.28,0x,7,https://www.fifa.com/en/tournaments/mens/worldcup/canadamexicousa2026/statistics/player-statistics,2026-08-31
175,Ermedin Demirovic,BIH,FW,0,4,4,0,1,3,0,0.08,0x,0,https://www.fifa.com/en/tournaments/mens/worldcup/canadamexicousa2026/statistics/player-statistics,2026-08-31
175,Callum Mccowatt,NZL,MF,0,3,4,0,3,1,1,0.21,0x,0,https://www.fifa.com/en/tournaments/mens/worldcup/canadamexicousa2026/statistics/player-statistics,2026-08-31
241,Marko Stamenic,NZL,MF,0,0,3,0,1,2,0,0.09,0x,0,https://www.fifa.com/en/tournaments/mens/worldcup/canadamexicousa2026/statistics/player-statistics,2026-08-31
241,Denis Visinsky,CZE,FW,0,0,3,0,2,1,0,0.26,0x,0,https://www.fifa.com/en/tournaments/mens/worldcup/canadamexicousa2026/statistics/player-statistics,2026-08-31
241,Esmir Bajraktarevic,BIH,FW,0,2,3,0,1,2,0,0.11,0x,1,https://www.fifa.com/en/tournaments/mens/worldcup/canadamexicousa2026/statistics/player-statistics,2026-08-31
241,Lukas Cerv,CZE,MF,0,2,3,0,1,2,0,0.06,0x,0,https://www.fifa.com/en/tournaments/mens/worldcup/canadamexicousa2026/statistics/player-statistics,2026-08-31
241,Orkun Kokcu,TUR,MF,1,0,3,0,2,1,0,0.56,0x,2,https://www.fifa.com/en/tournaments/mens/worldcup/canadamexicousa2026/statistics/player-statistics,2026-08-31
241,Abbosbek Fayzullaev,UZB,MF,0,2,3,33,2,1,1,1,1x,5,https://www.fifa.com/en/tournaments/mens/worldcup/canadamexicousa2026/statistics/player-statistics,2026-08-31
241,Nico Elvedi,SUI,DF,0,0,3,0,3,0,2,0.3,0x,0,https://www.fifa.com/en/tournaments/mens/worldcup/canadamexicousa2026/statistics/player-statistics,2026-08-31
241,Gustaf Lagerbielke,SWE,DF,0,1,3,0,3,0,3,0.13,0x,0,https://www.fifa.com/en/tournaments/mens/worldcup/canadamexicousa2026/statistics/player-statistics,2026-08-31
241,Mert Muldur,TUR,DF,0,0,3,0,3,0,3,0.22,0x,0,https://www.fifa.com/en/tournaments/mens/worldcup/canadamexicousa2026/statistics/player-statistics,2026-08-31
241,Kerem Akturkoglu,TUR,FW,0,1,3,0,2,1,0,0.59,0x,0,https://www.fifa.com/en/tournaments/mens/worldcup/canadamexicousa2026/statistics/player-statistics,2026-08-31
241,Adam Hlozek,CZE,FW,0,1,3,0,2,1,0,0.31,0x,0,https://www.fifa.com/en/tournaments/mens/worldcup/canadamexicousa2026/statistics/player-statistics,2026-08-31
241,Mattias Svanberg,SWE,MF,0,2,3,33,2,1,0,0.23,4.26x,0,https://www.fifa.com/en/tournaments/mens/worldcup/canadamexicousa2026/statistics/player-statistics,2026-08-31
241,Ajdin Hrustic,AUS,FW,0,0,3,0,2,1,0,0.11,0x,1,https://www.fifa.com/en/tournaments/mens/worldcup/canadamexicousa2026/statistics/player-statistics,2026-08-31
241,Anthony Elanga,SWE,FW,0,3,3,67,2,1,0,0.53,3.77x,1,https://www.fifa.com/en/tournaments/mens/worldcup/canadamexicousa2026/statistics/player-statistics,2026-08-31
241,Edin Dzeko,BIH,FW,0,0,3,0,3,0,0,0.2,0x,0,https://www.fifa.com/en/tournaments/mens/worldcup/canadamexicousa2026/statistics/player-statistics,2026-08-31
241,Abdulkerim Bardakci,TUR,DF,0,0,3,0,1,2,0,0.07,0x,0,https://www.fifa.com/en/tournaments/mens/worldcup/canadamexicousa2026/statistics/player-statistics,2026-08-31
241,Alessandro Circati,AUS,DF,0,0,3,0,2,1,2,0.13,0x,0,https://www.fifa.com/en/tournaments/mens/worldcup/canadamexicousa2026/statistics/player-statistics,2026-08-31
241,Jackson Irvine,AUS,MF,0,1,3,0,3,0,1,0.21,0x,0,https://www.fifa.com/en/tournaments/mens/worldcup/canadamexicousa2026/statistics/player-statistics,2026-08-31
241,Amar Memic,BIH,MF,0,1,3,0,2,1,0,0.19,0x,0,https://www.fifa.com/en/tournaments/mens/worldcup/canadamexicousa2026/statistics/player-statistics,2026-08-31
241,Jovo Lukic,BIH,FW,0,2,3,33,3,0,3,0.46,2.18x,0,https://www.fifa.com/en/tournaments/mens/worldcup/canadamexicousa2026/statistics/player-statistics,2026-08-31
241,Martin Baturina,CRO,MF,0,1,3,33,0,3,0,0.1,10.18x,2,https://www.fifa.com/en/tournaments/mens/worldcup/canadamexicousa2026/statistics/player-statistics,2026-08-31
241,Stefan Posch,AUT,DF,0,0,3,0,3,0,1,0.4,0x,0,https://www.fifa.com/en/tournaments/mens/worldcup/canadamexicousa2026/statistics/player-statistics,2026-08-31
241,Sasa Kalajdzic,AUT,FW,0,1,3,33,2,1,2,0.39,2.58x,0,https://www.fifa.com/en/tournaments/mens/worldcup/canadamexicousa2026/statistics/player-statistics,2026-08-31
241,Nikola Vlasic,CRO,MF,0,1,3,33,2,1,1,0.2,5.07x,0,https://www.fifa.com/en/tournaments/mens/worldcup/canadamexicousa2026/statistics/player-statistics,2026-08-31
241,Joao Cancelo,POR,DF,1,0,3,0,1,2,0,0.06,0x,1,https://www.fifa.com/en/tournaments/mens/worldcup/canadamexicousa2026/statistics/player-statistics,2026-08-31
241,Ante Budimir,CRO,FW,0,1,3,33,3,0,1,0.46,2.18x,0,https://www.fifa.com/en/tournaments/mens/worldcup/canadamexicousa2026/statistics/player-statistics,2026-08-31
241,Timothy Castagne,BEL,DF,1,1,3,0,2,1,1,0.14,0x,0,https://www.fifa.com/en/tournaments/mens/worldcup/canadamexicousa2026/statistics/player-statistics,2026-08-31
241,Andreas Schjelderup,NOR,MF,3,2,3,33,3,0,0,0.2,5.12x,0,https://www.fifa.com/en/tournaments/mens/worldcup/canadamexicousa2026/statistics/player-statistics,2026-08-31
241,Morgan Rogers,ENG,MF,1,1,3,0,1,2,0,0.13,0x,0,https://www.fifa.com/en/tournaments/mens/worldcup/canadamexicousa2026/statistics/player-statistics,2026-08-31
241,Marco Pasalic,CRO,FW,0,2,3,0,3,0,0,0.52,0x,1,https://www.fifa.com/en/tournaments/mens/worldcup/canadamexicousa2026/statistics/player-statistics,2026-08-31
241,Jean Philippe Mateta,FRA,FW,0,1,3,0,3,0,1,0.92,0x,0,https://www.fifa.com/en/tournaments/mens/worldcup/canadamexicousa2026/statistics/player-statistics,2026-08-31
241,Matias Fernandez Pardo,BEL,FW,0,0,3,0,2,1,0,0.25,0x,0,https://www.fifa.com/en/tournaments/mens/worldcup/canadamexicousa2026/statistics/player-statistics,2026-08-31
241,John Mcginn,SCO,MF,0,1,3,33,3,0,0,0.56,1.78x,4,https://www.fifa.com/en/tournaments/mens/worldcup/canadamexicousa2026/statistics/player-statistics,2026-08-31
241,Petar Sucic,CRO,MF,1,2,3,33,1,2,0,0.14,7.07x,0,https://www.fifa.com/en/tournaments/mens/worldcup/canadamexicousa2026/statistics/player-statistics,2026-08-31
241,Nuno Mendes,POR,DF,0,1,3,33,1,2,0,0.15,6.47x,7,https://www.fifa.com/en/tournaments/mens/worldcup/canadamexicousa2026/statistics/player-statistics,2026-08-31
241,Nicolas Seiwald,AUT,MF,0,0,3,0,2,1,0,0.05,0x,0,https://www.fifa.com/en/tournaments/mens/worldcup/canadamexicousa2026/statistics/player-statistics,2026-08-31
241,Kristian Thorstvedt,NOR,MF,0,1,3,0,2,1,0,0.17,0x,0,https://www.fifa.com/en/tournaments/mens/worldcup/canadamexicousa2026/statistics/player-statistics,2026-08-31
241,Nathaniel Brown,GER,DF,1,2,3,33,3,0,0,0.21,4.87x,11,https://www.fifa.com/en/tournaments/mens/worldcup/canadamexicousa2026/statistics/player-statistics,2026-08-31
241,Patrick Berg,NOR,MF,2,0,3,0,0,3,0,0.29,0x,10,https://www.fifa.com/en/tournaments/mens/worldcup/canadamexicousa2026/statistics/player-statistics,2026-08-31
241,Theo Hernandez,FRA,DF,0,0,3,0,1,2,0,0.12,0x,0,https://www.fifa.com/en/tournaments/mens/worldcup/canadamexicousa2026/statistics/player-statistics,2026-08-31
241,Ezri Konsa,ENG,DF,0,2,3,33,3,0,2,0.32,3.1x,0,https://www.fifa.com/en/tournaments/mens/worldcup/canadamexicousa2026/statistics/player-statistics,2026-08-31
241,Jan Paul Van Hecke,NED,DF,0,2,3,33,3,0,3,0.15,6.86x,0,https://www.fifa.com/en/tournaments/mens/worldcup/canadamexicousa2026/statistics/player-statistics,2026-08-31
241,Jeremy Doku,BEL,FW,0,1,3,0,3,0,0,0.14,0x,0,https://www.fifa.com/en/tournaments/mens/worldcup/canadamexicousa2026/statistics/player-statistics,2026-08-31
241,Micky Van De Ven,NED,DF,0,1,3,0,2,1,2,0.13,0x,0,https://www.fifa.com/en/tournaments/mens/worldcup/canadamexicousa2026/statistics/player-statistics,2026-08-31
241,Leo Ostigard,NOR,DF,0,1,3,33,3,0,3,0.32,3.16x,0,https://www.fifa.com/en/tournaments/mens/worldcup/canadamexicousa2026/statistics/player-statistics,2026-08-31
241,Joao Neves,POR,MF,0,1,3,33,3,0,2,0.25,4.07x,1,https://www.fifa.com/en/tournaments/mens/worldcup/canadamexicousa2026/statistics/player-statistics,2026-08-31
241,Aurelien Tchouameni,FRA,MF,1,0,3,0,1,2,0,0.11,0x,0,https://www.fifa.com/en/tournaments/mens/worldcup/canadamexicousa2026/statistics/player-statistics,2026-08-31
241,Juan Manuel Sanabria,URU,MF,0,0,3,0,2,1,0,0.09,0x,0,https://www.fifa.com/en/tournaments/mens/worldcup/canadamexicousa2026/statistics/player-statistics,2026-08-31
241,Luis Romo,MEX,MF,1,1,3,33,1,2,0,0.1,10.05x,0,https://www.fifa.com/en/tournaments/mens/worldcup/canadamexicousa2026/statistics/player-statistics,2026-08-31
241,Auston Trusty,USA,DF,0,2,3,33,3,0,1,0.27,3.7x,0,https://www.fifa.com/en/tournaments/mens/worldcup/canadamexicousa2026/statistics/player-statistics,2026-08-31
241,Piero Hincapie,ECU,DF,0,0,3,0,3,0,3,0.4,0x,1,https://www.fifa.com/en/tournaments/mens/worldcup/canadamexicousa2026/statistics/player-statistics,2026-08-31
241,Endrick,BRA,FW,0,0,3,0,2,1,0,0.68,0x,0,https://www.fifa.com/en/tournaments/mens/worldcup/canadamexicousa2026/statistics/player-statistics,2026-08-31
241,Neymar Jr,BRA,FW,0,2,3,33,3,0,0,0.82,1.22x,5,https://www.fifa.com/en/tournaments/mens/worldcup/canadamexicousa2026/statistics/player-statistics,2026-08-31
241,Sebastian Caceres,URU,DF,0,0,3,0,2,1,2,0.13,0x,0,https://www.fifa.com/en/tournaments/mens/worldcup/canadamexicousa2026/statistics/player-statistics,2026-08-31
241,Junior Alonso,PAR,DF,0,1,3,0,1,2,0,0.2,0x,0,https://www.fifa.com/en/tournaments/mens/worldcup/canadamexicousa2026/statistics/player-statistics,2026-08-31
241,Manuel Ugarte,URU,MF,0,1,3,0,0,3,0,0.09,0x,0,https://www.fifa.com/en/tournaments/mens/worldcup/canadamexicousa2026/statistics/player-statistics,2026-08-31
241,Alvaro Fidalgo,MEX,MF,0,2,3,33,2,1,0,0.35,2.85x,0,https://www.fifa.com/en/tournaments/mens/worldcup/canadamexicousa2026/statistics/player-statistics,2026-08-31
241,Cristian Romero,ARG,DF,0,2,3,33,3,0,3,0.41,2.45x,0,https://www.fifa.com/en/tournaments/mens/worldcup/canadamexicousa2026/statistics/player-statistics,2026-08-31
241,Raphinha,BRA,FW,0,2,3,0,1,2,0,0.34,0x,7,https://www.fifa.com/en/tournaments/mens/worldcup/canadamexicousa2026/statistics/player-statistics,2026-08-31
241,Sebastian Berhalter,USA,MF,1,1,3,33,0,3,0,0.1,10.14x,12,https://www.fifa.com/en/tournaments/mens/worldcup/canadamexicousa2026/statistics/player-statistics,2026-08-31
241,Johan Mojica,COL,DF,0,2,3,0,1,2,1,0.13,0x,0,https://www.fifa.com/en/tournaments/mens/worldcup/canadamexicousa2026/statistics/player-statistics,2026-08-31
241,Marko Arnautovic,AUT,FW,0,3,3,67,3,0,0,1.31,1.53x,0,https://www.fifa.com/en/tournaments/mens/worldcup/canadamexicousa2026/statistics/player-statistics,2026-08-31
241,Sergino Dest,USA,DF,0,1,3,0,1,2,0,0.21,0x,0,https://www.fifa.com/en/tournaments/mens/worldcup/canadamexicousa2026/statistics/player-statistics,2026-08-31
241,Jose Luis Rodriguez,PAN,MF,0,1,3,0,1,2,0,0.24,0x,3,https://www.fifa.com/en/tournaments/mens/worldcup/canadamexicousa2026/statistics/player-statistics,2026-08-31
241,Brenden Aaronson,USA,FW,0,1,3,0,3,0,0,0.46,0x,0,https://www.fifa.com/en/tournaments/mens/worldcup/canadamexicousa2026/statistics/player-statistics,2026-08-31
241,Brian Rodriguez,URU,FW,0,1,3,0,1,2,0,0.22,0x,10,https://www.fifa.com/en/tournaments/mens/worldcup/canadamexicousa2026/statistics/player-statistics,2026-08-31
241,Daniel Munoz,COL,DF,0,2,3,67,3,0,0,0.64,3.11x,0,https://www.fifa.com/en/tournaments/mens/worldcup/canadamexicousa2026/statistics/player-statistics,2026-08-31
241,Koki Ogawa,JPN,FW,1,0,3,0,3,0,2,0.22,0x,0,https://www.fifa.com/en/tournaments/mens/worldcup/canadamexicousa2026/statistics/player-statistics,2026-08-31
241,Deroy Duarte,CPV,MF,0,2,3,33,1,2,0,0.12,8.28x,0,https://www.fifa.com/en/tournaments/mens/worldcup/canadamexicousa2026/statistics/player-statistics,2026-08-31
241,Mohamed Kanno,KSA,MF,0,2,3,0,2,1,2,0.16,0x,0,https://www.fifa.com/en/tournaments/mens/worldcup/canadamexicousa2026/statistics/player-statistics,2026-08-31
241,Nathanael Mbuku,COD,MF,0,2,3,0,0,3,0,0.13,0x,5,https://www.fifa.com/en/tournaments/mens/worldcup/canadamexicousa2026/statistics/player-statistics,2026-08-31
241,Edmilson Junior,QAT,FW,1,2,3,0,3,0,0,0.43,0x,0,https://www.fifa.com/en/tournaments/mens/worldcup/canadamexicousa2026/statistics/player-statistics,2026-08-31
241,Cedric Bakambu,COD,FW,0,0,3,0,1,2,1,0.24,0x,0,https://www.fifa.com/en/tournaments/mens/worldcup/canadamexicousa2026/statistics/player-statistics,2026-08-31
241,Junya Ito,JPN,MF,0,1,3,33,2,1,0,0.67,1.49x,11,https://www.fifa.com/en/tournaments/mens/worldcup/canadamexicousa2026/statistics/player-statistics,2026-08-31
241,Salem Aldawsari,KSA,FW,0,1,3,0,1,2,0,0.08,0x,0,https://www.fifa.com/en/tournaments/mens/worldcup/canadamexicousa2026/statistics/player-statistics,2026-08-31
241,Pedro Miguel,QAT,DF,0,1,3,0,2,1,0,0.23,0x,0,https://www.fifa.com/en/tournaments/mens/worldcup/canadamexicousa2026/statistics/player-statistics,2026-08-31
241,Amine Gouiri,ALG,FW,0,2,3,33,2,1,0,0.62,1.61x,0,https://www.fifa.com/en/tournaments/mens/worldcup/canadamexicousa2026/statistics/player-statistics,2026-08-31
241,Shahriyar Moghanloo,IRN,FW,0,0,3,0,2,1,1,0.51,0x,0,https://www.fifa.com/en/tournaments/mens/worldcup/canadamexicousa2026/statistics/player-statistics,2026-08-31
241,Willy Semedo,CPV,MF,0,0,3,0,2,1,0,0.06,0x,0,https://www.fifa.com/en/tournaments/mens/worldcup/canadamexicousa2026/statistics/player-statistics,2026-08-31
241,Houssem Aouar,ALG,MF,2,1,3,0,1,2,0,0.24,0x,0,https://www.fifa.com/en/tournaments/mens/worldcup/canadamexicousa2026/statistics/player-statistics,2026-08-31
241,Helio Varela,CPV,MF,0,1,3,33,0,3,0,0.26,3.91x,0,https://www.fifa.com/en/tournaments/mens/worldcup/canadamexicousa2026/statistics/player-statistics,2026-08-31
241,Samuel Moutoussamy,COD,MF,0,0,3,0,0,3,0,0.13,0x,0,https://www.fifa.com/en/tournaments/mens/worldcup/canadamexicousa2026/statistics/player-statistics,2026-08-31
241,Rafik Belghali,ALG,DF,0,1,3,33,2,1,0,0.28,3.6x,0,https://www.fifa.com/en/tournaments/mens/worldcup/canadamexicousa2026/statistics/player-statistics,2026-08-31
241,Aymen Hussein,IRQ,FW,0,1,3,33,3,0,3,0.18,5.42x,0,https://www.fifa.com/en/tournaments/mens/worldcup/canadamexicousa2026/statistics/player-statistics,2026-08-31
241,Luc De Fougerolles,CAN,DF,0,1,3,0,3,0,1,0.17,0x,0,https://www.fifa.com/en/tournaments/mens/worldcup/canadamexicousa2026/statistics/player-statistics,2026-08-31
241,Ayyoub Bouaddi,MAR,MF,0,0,3,0,0,3,0,0.14,0x,0,https://www.fifa.com/en/tournaments/mens/worldcup/canadamexicousa2026/statistics/player-statistics,2026-08-31
241,Laros Duarte,CPV,MF,0,3,3,0,2,1,0,0.7,0x,1,https://www.fifa.com/en/tournaments/mens/worldcup/canadamexicousa2026/statistics/player-statistics,2026-08-31
241,Zizo,EGY,FW,0,1,3,0,2,1,0,0.14,0x,4,https://www.fifa.com/en/tournaments/mens/worldcup/canadamexicousa2026/statistics/player-statistics,2026-08-31
241,Habib Diarra,SEN,MF,0,1,3,67,2,1,0,0.54,3.68x,0,https://www.fifa.com/en/tournaments/mens/worldcup/canadamexicousa2026/statistics/player-statistics,2026-08-31
241,Elias Achouri,TUN,FW,0,1,3,0,0,3,0,0.13,0x,0,https://www.fifa.com/en/tournaments/mens/worldcup/canadamexicousa2026/statistics/player-statistics,2026-08-31
241,Elye Wahi,CIV,FW,0,2,3,0,3,0,0,0.48,0x,0,https://www.fifa.com/en/tournaments/mens/worldcup/canadamexicousa2026/statistics/player-statistics,2026-08-31
241,Lamine Camara,SEN,MF,1,0,3,0,0,3,0,0.14,0x,5,https://www.fifa.com/en/tournaments/mens/worldcup/canadamexicousa2026/statistics/player-statistics,2026-08-31
241,Abdul Fatawu,GHA,FW,0,0,3,0,1,2,0,0.1,0x,2,https://www.fifa.com/en/tournaments/mens/worldcup/canadamexicousa2026/statistics/player-statistics,2026-08-31
241,Jacob Shaffelburg,CAN,MF,0,0,3,0,2,1,0,0.09,0x,0,https://www.fifa.com/en/tournaments/mens/worldcup/canadamexicousa2026/statistics/player-statistics,2026-08-31
241,Ali Ahmed,CAN,FW,0,1,3,0,1,2,0,0.29,0x,2,https://www.fifa.com/en/tournaments/mens/worldcup/canadamexicousa2026/statistics/player-statistics,2026-08-31
241,Frantzdy Pierrot,HAI,FW,0,1,3,0,3,0,1,0.25,0x,0,https://www.fifa.com/en/tournaments/mens/worldcup/canadamexicousa2026/statistics/player-statistics,2026-08-31
241,Ayoub El Kaabi,MAR,FW,0,2,3,0,3,0,0,0.31,0x,0,https://www.fifa.com/en/tournaments/mens/worldcup/canadamexicousa2026/statistics/player-statistics,2026-08-31
241,Ismael Gharbi,TUN,MF,0,0,3,0,2,1,0,0.26,0x,1,https://www.fifa.com/en/tournaments/mens/worldcup/canadamexicousa2026/statistics/player-statistics,2026-08-31
241,Emmanuel Agbadou,CIV,DF,0,1,3,0,1,2,1,0.05,0x,0,https://www.fifa.com/en/tournaments/mens/worldcup/canadamexicousa2026/statistics/player-statistics,2026-08-31
241,Iliman Ndiaye,SEN,FW,2,2,3,33,2,1,0,0.21,4.76x,0,https://www.fifa.com/en/tournaments/mens/worldcup/canadamexicousa2026/statistics/player-statistics,2026-08-31
241,Relebohile Mofokeng,RSA,FW,0,1,3,0,0,3,0,0.12,0x,1,https://www.fifa.com/en/tournaments/mens/worldcup/canadamexicousa2026/statistics/player-statistics,2026-08-31
241,Hazem Mastouri,TUN,FW,0,2,3,33,1,2,1,0.21,4.8x,0,https://www.fifa.com/en/tournaments/mens/worldcup/canadamexicousa2026/statistics/player-statistics,2026-08-31
241,Mahmoud Saber,EGY,MF,0,1,3,33,1,2,0,0.16,6.15x,0,https://www.fifa.com/en/tournaments/mens/worldcup/canadamexicousa2026/statistics/player-statistics,2026-08-31
241,Hannibal Mejbri,TUN,MF,2,1,3,0,0,3,0,0.06,0x,4,https://www.fifa.com/en/tournaments/mens/worldcup/canadamexicousa2026/statistics/player-statistics,2026-08-31
241,Inaki Williams,GHA,FW,0,0,3,0,1,2,0,0.06,0x,0,https://www.fifa.com/en/tournaments/mens/worldcup/canadamexicousa2026/statistics/player-statistics,2026-08-31
241,Nathan Saliba,CAN,MF,2,1,3,33,1,2,1,0.3,3.36x,0,https://www.fifa.com/en/tournaments/mens/worldcup/canadamexicousa2026/statistics/player-statistics,2026-08-31
347,Louicius Deedson,HAI,FW,0,0,2,0,1,1,0,0.05,0x,1,https://www.fifa.com/en/tournaments/mens/worldcup/canadamexicousa2026/statistics/player-statistics,2026-08-31
347,Thomas Partey,GHA,MF,0,0,2,0,0,2,0,0.09,0x,0,https://www.fifa.com/en/tournaments/mens/worldcup/canadamexicousa2026/statistics/player-statistics,2026-08-31
347,Christ Inao Oulai,CIV,MF,0,0,2,0,1,1,0,0.13,0x,0,https://www.fifa.com/en/tournaments/mens/worldcup/canadamexicousa2026/statistics/player-statistics,2026-08-31
347,Marvin Senaya,GHA,DF,0,0,2,0,1,1,0,0.1,0x,0,https://www.fifa.com/en/tournaments/mens/worldcup/canadamexicousa2026/statistics/player-statistics,2026-08-31
347,Pathe Ciss,SEN,MF,0,1,2,0,1,1,1,0.2,0x,0,https://www.fifa.com/en/tournaments/mens/worldcup/canadamexicousa2026/statistics/player-statistics,2026-08-31
347,Jonas Adjetey,GHA,DF,0,1,2,0,2,0,2,0.1,0x,0,https://www.fifa.com/en/tournaments/mens/worldcup/canadamexicousa2026/statistics/player-statistics,2026-08-31
347,Jovane Cabral,CPV,MF,0,0,2,0,0,2,0,0.05,0x,0,https://www.fifa.com/en/tournaments/mens/worldcup/canadamexicousa2026/statistics/player-statistics,2026-08-31
347,Ayoube Amaimouni,MAR,FW,0,1,2,0,2,0,0,0.29,0x,0,https://www.fifa.com/en/tournaments/mens/worldcup/canadamexicousa2026/statistics/player-statistics,2026-08-31
347,Gessime Yassine,MAR,MF,0,1,2,50,1,1,0,0.45,2.21x,1,https://www.fifa.com/en/tournaments/mens/worldcup/canadamexicousa2026/statistics/player-statistics,2026-08-31
347,Abdoulaye Seck,SEN,DF,1,0,2,0,1,1,1,0.05,0x,0,https://www.fifa.com/en/tournaments/mens/worldcup/canadamexicousa2026/statistics/player-statistics,2026-08-31
347,Wilfried Singo,CIV,DF,1,0,2,0,2,0,0,0.14,0x,0,https://www.fifa.com/en/tournaments/mens/worldcup/canadamexicousa2026/statistics/player-statistics,2026-08-31
347,Richie Laryea,CAN,DF,0,1,2,0,1,1,0,0.34,0x,0,https://www.fifa.com/en/tournaments/mens/worldcup/canadamexicousa2026/statistics/player-statistics,2026-08-31
347,Mohanad Lashin,EGY,MF,0,0,2,0,1,1,1,0.12,0x,0,https://www.fifa.com/en/tournaments/mens/worldcup/canadamexicousa2026/statistics/player-statistics,2026-08-31
347,Ismael Kone,CAN,MF,0,0,2,0,1,1,0,0.04,0x,0,https://www.fifa.com/en/tournaments/mens/worldcup/canadamexicousa2026/statistics/player-statistics,2026-08-31
347,Caleb Yirenkyi,GHA,MF,0,1,2,50,2,0,0,0.75,1.33x,0,https://www.fifa.com/en/tournaments/mens/worldcup/canadamexicousa2026/statistics/player-statistics,2026-08-31
347,Chemsdine Talbi,MAR,MF,1,0,2,0,1,1,0,0.05,0x,0,https://www.fifa.com/en/tournaments/mens/worldcup/canadamexicousa2026/statistics/player-statistics,2026-08-31
347,Joao Paulo,CPV,MF,0,0,2,0,1,1,1,0.08,0x,1,https://www.fifa.com/en/tournaments/mens/worldcup/canadamexicousa2026/statistics/player-statistics,2026-08-31
347,Lenny Joseph,HAI,FW,0,0,2,0,2,0,0,0.33,0x,0,https://www.fifa.com/en/tournaments/mens/worldcup/canadamexicousa2026/statistics/player-statistics,2026-08-31
347,Renato Veiga,POR,DF,0,0,2,0,2,0,2,0.28,0x,0,https://www.fifa.com/en/tournaments/mens/worldcup/canadamexicousa2026/statistics/player-statistics,2026-08-31
347,Francisco Conceicao,POR,FW,0,0,2,0,2,0,0,0.17,0x,0,https://www.fifa.com/en/tournaments/mens/worldcup/canadamexicousa2026/statistics/player-statistics,2026-08-31
347,Teun Koopmeiners,NED,MF,0,0,2,0,2,0,1,0.11,0x,3,https://www.fifa.com/en/tournaments/mens/worldcup/canadamexicousa2026/statistics/player-statistics,2026-08-31
347,Virgil Van Dijk,NED,DF,1,2,2,50,2,0,2,0.14,7.26x,0,https://www.fifa.com/en/tournaments/mens/worldcup/canadamexicousa2026/statistics/player-statistics,2026-08-31
347,Nicolas Raskin,BEL,MF,2,1,2,0,2,0,1,0.13,0x,0,https://www.fifa.com/en/tournaments/mens/worldcup/canadamexicousa2026/statistics/player-statistics,2026-08-31
347,Thelo Aasgaard,NOR,MF,0,1,2,50,1,1,0,0.18,5.48x,0,https://www.fifa.com/en/tournaments/mens/worldcup/canadamexicousa2026/statistics/player-statistics,2026-08-31
347,Fredrik Aursnes,NOR,MF,0,0,2,0,1,1,0,0.02,0x,0,https://www.fifa.com/en/tournaments/mens/worldcup/canadamexicousa2026/statistics/player-statistics,2026-08-31
347,Thomas Meunier,BEL,DF,1,1,2,0,1,1,0,0.11,0x,0,https://www.fifa.com/en/tournaments/mens/worldcup/canadamexicousa2026/statistics/player-statistics,2026-08-31
347,Carney Chukwuemeka,AUT,MF,0,1,2,0,2,0,0,0.56,0x,0,https://www.fifa.com/en/tournaments/mens/worldcup/canadamexicousa2026/statistics/player-statistics,2026-08-31
347,Jorgen Strand Larsen,NOR,FW,0,1,2,0,2,0,0,0.85,0x,0,https://www.fifa.com/en/tournaments/mens/worldcup/canadamexicousa2026/statistics/player-statistics,2026-08-31
347,Nick Woltemade,GER,FW,0,0,2,0,2,0,0,0.09,0x,0,https://www.fifa.com/en/tournaments/mens/worldcup/canadamexicousa2026/statistics/player-statistics,2026-08-31
347,Ivan Perisic,CRO,FW,1,2,2,50,2,0,1,0.32,3.15x,2,https://www.fifa.com/en/tournaments/mens/worldcup/canadamexicousa2026/statistics/player-statistics,2026-08-31
347,Kristoffer Ajer,NOR,DF,0,1,2,0,2,0,2,0.2,0x,0,https://www.fifa.com/en/tournaments/mens/worldcup/canadamexicousa2026/statistics/player-statistics,2026-08-31
347,Leon Goretzka,GER,MF,0,0,2,0,2,0,1,0.19,0x,0,https://www.fifa.com/en/tournaments/mens/worldcup/canadamexicousa2026/statistics/player-statistics,2026-08-31
347,Nadiem Amiri,GER,MF,1,1,2,0,1,1,0,0.26,0x,0,https://www.fifa.com/en/tournaments/mens/worldcup/canadamexicousa2026/statistics/player-statistics,2026-08-31
347,Ruben Neves,POR,MF,0,0,2,0,0,2,0,0.03,0x,0,https://www.fifa.com/en/tournaments/mens/worldcup/canadamexicousa2026/statistics/player-statistics,2026-08-31
347,Jules Kounde,FRA,DF,0,0,2,0,2,0,1,0.06,0x,0,https://www.fifa.com/en/tournaments/mens/worldcup/canadamexicousa2026/statistics/player-statistics,2026-08-31
347,Romano Schmid,AUT,MF,0,1,2,50,0,2,0,0.12,8.48x,0,https://www.fifa.com/en/tournaments/mens/worldcup/canadamexicousa2026/statistics/player-statistics,2026-08-31
347,Ivan Toney,ENG,FW,0,1,2,0,2,0,1,0.06,0x,0,https://www.fifa.com/en/tournaments/mens/worldcup/canadamexicousa2026/statistics/player-statistics,2026-08-31
347,Amadou Onana,BEL,MF,0,0,2,0,0,2,0,0.07,0x,0,https://www.fifa.com/en/tournaments/mens/worldcup/canadamexicousa2026/statistics/player-statistics,2026-08-31
347,Crysencio Summerville,NED,FW,2,2,2,100,1,1,0,0.16,12.33x,3,https://www.fifa.com/en/tournaments/mens/worldcup/canadamexicousa2026/statistics/player-statistics,2026-08-31
347,Goncalo Ramos,POR,FW,0,1,2,50,2,0,2,0.13,7.42x,0,https://www.fifa.com/en/tournaments/mens/worldcup/canadamexicousa2026/statistics/player-statistics,2026-08-31
347,Lucas Digne,FRA,DF,0,1,2,0,0,2,0,0.03,0x,0,https://www.fifa.com/en/tournaments/mens/worldcup/canadamexicousa2026/statistics/player-statistics,2026-08-31
347,Nico Schlotterbeck,GER,DF,0,2,2,50,2,0,2,0.25,4.01x,0,https://www.fifa.com/en/tournaments/mens/worldcup/canadamexicousa2026/statistics/player-statistics,2026-08-31
347,Djed Spence,ENG,DF,0,2,2,0,1,1,0,0.71,0x,0,https://www.fifa.com/en/tournaments/mens/worldcup/canadamexicousa2026/statistics/player-statistics,2026-08-31
347,Kieran Tierney,SCO,DF,0,0,2,0,2,0,0,0.06,0x,0,https://www.fifa.com/en/tournaments/mens/worldcup/canadamexicousa2026/statistics/player-statistics,2026-08-31
347,Deniz Gul,TUR,FW,0,1,2,0,2,0,1,0.7,0x,0,https://www.fifa.com/en/tournaments/mens/worldcup/canadamexicousa2026/statistics/player-statistics,2026-08-31
347,Behruzjon Karimov,UZB,DF,0,0,2,0,0,2,0,0.03,0x,0,https://www.fifa.com/en/tournaments/mens/worldcup/canadamexicousa2026/statistics/player-statistics,2026-08-31
347,Tyler Bindon,NZL,DF,0,1,2,0,2,0,1,0.33,0x,0,https://www.fifa.com/en/tournaments/mens/worldcup/canadamexicousa2026/statistics/player-statistics,2026-08-31
347,Lucas Bergvall,SWE,MF,1,0,2,0,2,0,1,0.68,0x,0,https://www.fifa.com/en/tournaments/mens/worldcup/canadamexicousa2026/statistics/player-statistics,2026-08-31
347,Djibril Sow,SUI,MF,0,1,2,0,1,1,0,0.23,0x,0,https://www.fifa.com/en/tournaments/mens/worldcup/canadamexicousa2026/statistics/player-statistics,2026-08-31
347,Victor Lindelof,SWE,DF,0,0,2,0,2,0,2,0.26,0x,0,https://www.fifa.com/en/tournaments/mens/worldcup/canadamexicousa2026/statistics/player-statistics,2026-08-31
347,Aiden Oneill,AUS,MF,0,0,2,0,1,1,0,0.07,0x,4,https://www.fifa.com/en/tournaments/mens/worldcup/canadamexicousa2026/statistics/player-statistics,2026-08-31
347,Dostonbek Khamdamov,UZB,MF,0,0,2,0,1,1,1,0.08,0x,2,https://www.fifa.com/en/tournaments/mens/worldcup/canadamexicousa2026/statistics/player-statistics,2026-08-31
347,Patrik Schick,CZE,FW,0,1,2,0,2,0,2,0.27,0x,0,https://www.fifa.com/en/tournaments/mens/worldcup/canadamexicousa2026/statistics/player-statistics,2026-08-31
347,Ryan Christie,SCO,MF,0,0,2,0,1,1,0,0.15,0x,0,https://www.fifa.com/en/tournaments/mens/worldcup/canadamexicousa2026/statistics/player-statistics,2026-08-31
347,Lewis Ferguson,SCO,MF,0,1,2,0,0,2,0,0.09,0x,8,https://www.fifa.com/en/tournaments/mens/worldcup/canadamexicousa2026/statistics/player-statistics,2026-08-31
347,Ardon Jashari,SUI,MF,0,0,2,0,0,2,0,0.03,0x,0,https://www.fifa.com/en/tournaments/mens/worldcup/canadamexicousa2026/statistics/player-statistics,2026-08-31
347,Otabek Shukurov,UZB,MF,0,0,2,0,0,2,0,0.08,0x,0,https://www.fifa.com/en/tournaments/mens/worldcup/canadamexicousa2026/statistics/player-statistics,2026-08-31
347,Michel Aebischer,SUI,MF,0,1,2,0,2,0,1,0.34,0x,5,https://www.fifa.com/en/tournaments/mens/worldcup/canadamexicousa2026/statistics/player-statistics,2026-08-31
347,Amar Dedic,BIH,DF,0,1,2,0,0,2,0,0.06,0x,0,https://www.fifa.com/en/tournaments/mens/worldcup/canadamexicousa2026/statistics/player-statistics,2026-08-31
347,Finn Surman,NZL,DF,0,1,2,50,2,0,2,0.24,4.18x,0,https://www.fifa.com/en/tournaments/mens/worldcup/canadamexicousa2026/statistics/player-statistics,2026-08-31
347,Remo Freuler,SUI,MF,0,1,2,0,1,1,0,0.07,0x,0,https://www.fifa.com/en/tournaments/mens/worldcup/canadamexicousa2026/statistics/player-statistics,2026-08-31
347,Pavel Sulc,CZE,FW,0,0,2,0,0,2,0,0.03,0x,0,https://www.fifa.com/en/tournaments/mens/worldcup/canadamexicousa2026/statistics/player-statistics,2026-08-31
347,Sherel Floranus,CUW,DF,0,0,2,0,1,1,0,0.17,0x,0,https://www.fifa.com/en/tournaments/mens/worldcup/canadamexicousa2026/statistics/player-statistics,2026-08-31
347,Jurien Gaari,CUW,DF,0,0,2,0,1,1,1,0.11,0x,0,https://www.fifa.com/en/tournaments/mens/worldcup/canadamexicousa2026/statistics/player-statistics,2026-08-31
347,Nikola Katic,BIH,DF,0,0,2,0,1,1,1,0.08,0x,0,https://www.fifa.com/en/tournaments/mens/worldcup/canadamexicousa2026/statistics/player-statistics,2026-08-31
347,Odeh Fakhoury,JOR,FW,0,1,2,0,0,2,0,0.08,0x,2,https://www.fifa.com/en/tournaments/mens/worldcup/canadamexicousa2026/statistics/player-statistics,2026-08-31
347,Akram Afif,QAT,FW,0,0,2,0,1,1,0,0.16,0x,7,https://www.fifa.com/en/tournaments/mens/worldcup/canadamexicousa2026/statistics/player-statistics,2026-08-31
347,Cho Guesung,KOR,FW,0,1,2,0,2,0,2,0.51,0x,0,https://www.fifa.com/en/tournaments/mens/worldcup/canadamexicousa2026/statistics/player-statistics,2026-08-31
347,Zaid Tahseen,IRQ,DF,0,0,2,0,1,1,1,0.21,0x,0,https://www.fifa.com/en/tournaments/mens/worldcup/canadamexicousa2026/statistics/player-statistics,2026-08-31
347,Mohammad Ghorbani,IRN,MF,0,0,2,0,1,1,0,0.18,0x,0,https://www.fifa.com/en/tournaments/mens/worldcup/canadamexicousa2026/statistics/player-statistics,2026-08-31
347,Steven Moreira,CPV,DF,0,0,2,0,1,1,0,0.06,0x,0,https://www.fifa.com/en/tournaments/mens/worldcup/canadamexicousa2026/statistics/player-statistics,2026-08-31
347,Anis Hadj Moussa,ALG,FW,0,1,2,0,2,0,0,0.15,0x,5,https://www.fifa.com/en/tournaments/mens/worldcup/canadamexicousa2026/statistics/player-statistics,2026-08-31
347,Shoja Khalilzadeh,IRN,DF,0,0,2,0,2,0,2,0.18,0x,0,https://www.fifa.com/en/tournaments/mens/worldcup/canadamexicousa2026/statistics/player-statistics,2026-08-31
347,Abdullah Alhamddan,KSA,FW,0,2,2,0,1,1,0,0.2,0x,0,https://www.fifa.com/en/tournaments/mens/worldcup/canadamexicousa2026/statistics/player-statistics,2026-08-31
347,Nadhir Benbouali,ALG,FW,0,2,2,50,2,0,2,0.16,6.14x,0,https://www.fifa.com/en/tournaments/mens/worldcup/canadamexicousa2026/statistics/player-statistics,2026-08-31
347,Boualem Khoukhi,QAT,DF,0,0,2,0,0,2,0,0.07,0x,0,https://www.fifa.com/en/tournaments/mens/worldcup/canadamexicousa2026/statistics/player-statistics,2026-08-31
347,Meschack Elia,COD,FW,1,2,2,0,0,2,0,0.05,0x,0,https://www.fifa.com/en/tournaments/mens/worldcup/canadamexicousa2026/statistics/player-statistics,2026-08-31
347,Saud Abdulhamid,KSA,DF,0,0,2,0,0,2,0,0.11,0x,0,https://www.fifa.com/en/tournaments/mens/worldcup/canadamexicousa2026/statistics/player-statistics,2026-08-31
347,Mohammad Mohebbi,IRN,MF,0,1,2,50,2,0,1,0.24,4.15x,0,https://www.fifa.com/en/tournaments/mens/worldcup/canadamexicousa2026/statistics/player-statistics,2026-08-31
347,Ramy Bensebaini,ALG,DF,0,0,2,0,1,1,1,0.04,0x,0,https://www.fifa.com/en/tournaments/mens/worldcup/canadamexicousa2026/statistics/player-statistics,2026-08-31
347,Lee Hanbeom,KOR,DF,0,0,2,0,2,0,2,0.22,0x,0,https://www.fifa.com/en/tournaments/mens/worldcup/canadamexicousa2026/statistics/player-statistics,2026-08-31
347,Pico Lopes,CPV,DF,0,0,2,0,2,0,2,0.29,0x,0,https://www.fifa.com/en/tournaments/mens/worldcup/canadamexicousa2026/statistics/player-statistics,2026-08-31
347,Seol Youngwoo,KOR,DF,0,0,2,0,1,1,0,0.03,0x,0,https://www.fifa.com/en/tournaments/mens/worldcup/canadamexicousa2026/statistics/player-statistics,2026-08-31
347,Lee Jaesung,KOR,MF,0,1,2,0,2,0,1,0.14,0x,0,https://www.fifa.com/en/tournaments/mens/worldcup/canadamexicousa2026/statistics/player-statistics,2026-08-31
347,Nizar Alrashdan,JOR,MF,0,1,2,50,2,0,1,0.23,4.3x,0,https://www.fifa.com/en/tournaments/mens/worldcup/canadamexicousa2026/statistics/player-statistics,2026-08-31
347,Ao Tanaka,JPN,MF,0,0,2,0,0,2,0,0.16,0x,0,https://www.fifa.com/en/tournaments/mens/worldcup/canadamexicousa2026/statistics/player-statistics,2026-08-31
347,Edo Kayembe,COD,MF,0,1,2,0,0,2,0,0.1,0x,0,https://www.fifa.com/en/tournaments/mens/worldcup/canadamexicousa2026/statistics/player-statistics,2026-08-31
347,Daizen Maeda,JPN,MF,0,1,2,50,2,0,1,0.79,1.27x,0,https://www.fifa.com/en/tournaments/mens/worldcup/canadamexicousa2026/statistics/player-statistics,2026-08-31
347,Ali Azaizeh,JOR,FW,0,0,2,0,1,1,1,0.06,0x,1,https://www.fifa.com/en/tournaments/mens/worldcup/canadamexicousa2026/statistics/player-statistics,2026-08-31
347,Yukinari Sugawara,JPN,DF,0,2,2,0,1,1,0,0.09,0x,0,https://www.fifa.com/en/tournaments/mens/worldcup/canadamexicousa2026/statistics/player-statistics,2026-08-31
347,Marcos Senesi,ARG,DF,0,0,2,0,2,0,1,0.84,0x,0,https://www.fifa.com/en/tournaments/mens/worldcup/canadamexicousa2026/statistics/player-statistics,2026-08-31
347,Timothy Weah,USA,FW,0,0,2,0,1,1,0,0.05,0x,0,https://www.fifa.com/en/tournaments/mens/worldcup/canadamexicousa2026/statistics/player-statistics,2026-08-31
347,Rodrigo De Paul,ARG,MF,1,1,2,0,0,2,0,0.06,0x,1,https://www.fifa.com/en/tournaments/mens/worldcup/canadamexicousa2026/statistics/player-statistics,2026-08-31
347,Cesar Blackman,PAN,DF,0,1,2,0,2,0,0,0.08,0x,0,https://www.fifa.com/en/tournaments/mens/worldcup/canadamexicousa2026/statistics/player-statistics,2026-08-31
347,Marquinhos,BRA,DF,0,0,2,0,2,0,1,0.21,0x,0,https://www.fifa.com/en/tournaments/mens/worldcup/canadamexicousa2026/statistics/player-statistics,2026-08-31
347,Israel Reyes,MEX,DF,0,0,2,0,2,0,1,0.06,0x,0,https://www.fifa.com/en/tournaments/mens/worldcup/canadamexicousa2026/statistics/player-statistics,2026-08-31
347,Alan Minda,ECU,MF,0,0,2,0,1,1,0,0.44,0x,0,https://www.fifa.com/en/tournaments/mens/worldcup/canadamexicousa2026/statistics/player-statistics,2026-08-31
347,Edgar Yoel Barcenas,PAN,MF,0,0,2,0,0,2,0,0.05,0x,3,https://www.fifa.com/en/tournaments/mens/worldcup/canadamexicousa2026/statistics/player-statistics,2026-08-31
347,Ederson Silva,BRA,MF,0,0,2,0,1,1,0,0.34,0x,0,https://www.fifa.com/en/tournaments/mens/worldcup/canadamexicousa2026/statistics/player-statistics,2026-08-31
347,Igor Thiago,BRA,FW,0,1,2,0,2,0,1,0.4,0x,0,https://www.fifa.com/en/tournaments/mens/worldcup/canadamexicousa2026/statistics/player-statistics,2026-08-31
347,Giovanni Reyna,USA,MF,0,1,2,50,2,0,0,0.22,4.61x,0,https://www.fifa.com/en/tournaments/mens/worldcup/canadamexicousa2026/statistics/player-statistics,2026-08-31
347,Gabriel Martinelli,BRA,FW,0,1,2,50,1,1,0,0.49,2.04x,0,https://www.fifa.com/en/tournaments/mens/worldcup/canadamexicousa2026/statistics/player-statistics,2026-08-31
347,Matias Galarza,PAR,MF,1,1,2,50,0,2,0,0.07,13.75x,0,https://www.fifa.com/en/tournaments/mens/worldcup/canadamexicousa2026/statistics/player-statistics,2026-08-31
347,Juan Jose Caceres,PAR,DF,0,1,2,0,1,1,0,0.07,0x,0,https://www.fifa.com/en/tournaments/mens/worldcup/canadamexicousa2026/statistics/player-statistics,2026-08-31
347,David Alaba,AUT,DF,1,0,2,0,0,2,0,0.02,0x,1,https://www.fifa.com/en/tournaments/mens/worldcup/canadamexicousa2026/statistics/player-statistics,2026-08-31
347,Danilo Santos,BRA,MF,0,1,2,0,2,0,1,0.19,0x,0,https://www.fifa.com/en/tournaments/mens/worldcup/canadamexicousa2026/statistics/player-statistics,2026-08-31
347,Douglas Santos,BRA,DF,0,0,2,0,2,0,0,0.2,0x,0,https://www.fifa.com/en/tournaments/mens/worldcup/canadamexicousa2026/statistics/player-statistics,2026-08-31
347,Gustavo Gomez,PAR,DF,0,0,2,0,2,0,2,0.07,0x,0,https://www.fifa.com/en/tournaments/mens/worldcup/canadamexicousa2026/statistics/player-statistics,2026-08-31
347,Jhon Cordoba,COL,FW,0,1,2,0,2,0,1,0.32,0x,0,https://www.fifa.com/en/tournaments/mens/worldcup/canadamexicousa2026/statistics/player-statistics,2026-08-31
347,Nilson Angulo,ECU,FW,0,2,2,50,0,2,0,0.04,25.98x,7,https://www.fifa.com/en/tournaments/mens/worldcup/canadamexicousa2026/statistics/player-statistics,2026-08-31
347,Joel Ordonez,ECU,DF,0,0,2,0,2,0,1,0.26,0x,0,https://www.fifa.com/en/tournaments/mens/worldcup/canadamexicousa2026/statistics/player-statistics,2026-08-31
347,Edson Alvarez,MEX,DF,0,0,2,0,1,1,1,0.19,0x,0,https://www.fifa.com/en/tournaments/mens/worldcup/canadamexicousa2026/statistics/player-statistics,2026-08-31
347,Guillermo Varela,URU,DF,0,0,2,0,0,2,0,0.01,0x,0,https://www.fifa.com/en/tournaments/mens/worldcup/canadamexicousa2026/statistics/player-statistics,2026-08-31
347,Darwin Nunez,URU,FW,0,0,2,0,1,1,1,0.2,0x,0,https://www.fifa.com/en/tournaments/mens/worldcup/canadamexicousa2026/statistics/player-statistics,2026-08-31
347,Jhon Lucumi,COL,DF,0,0,2,0,2,0,2,0.11,0x,0,https://www.fifa.com/en/tournaments/mens/worldcup/canadamexicousa2026/statistics/player-statistics,2026-08-31
347,Santiago Gimenez,MEX,FW,0,1,2,0,2,0,0,0.34,0x,0,https://www.fifa.com/en/tournaments/mens/worldcup/canadamexicousa2026/statistics/player-statistics,2026-08-31
347,Cecilio Waterman,PAN,FW,0,1,2,0,2,0,0,0.05,0x,0,https://www.fifa.com/en/tournaments/mens/worldcup/canadamexicousa2026/statistics/player-statistics,2026-08-31
347,Jiovany Ramos,PAN,DF,0,0,2,0,1,1,0,0.15,0x,0,https://www.fifa.com/en/tournaments/mens/worldcup/canadamexicousa2026/statistics/player-statistics,2026-08-31
465,Jorge Sanchez,MEX,DF,1,1,1,0,1,0,0,0.04,0x,0,https://www.fifa.com/en/tournaments/mens/worldcup/canadamexicousa2026/statistics/player-statistics,2026-08-31
465,Chris Richards,USA,DF,0,0,1,0,1,0,1,0.06,0x,0,https://www.fifa.com/en/tournaments/mens/worldcup/canadamexicousa2026/statistics/player-statistics,2026-08-31
465,Nicolas Otamendi,ARG,DF,0,0,1,0,1,0,1,0.07,0x,0,https://www.fifa.com/en/tournaments/mens/worldcup/canadamexicousa2026/statistics/player-statistics,2026-08-31
465,Cristian Martinez,PAN,MF,0,0,1,0,1,0,0,0.24,0x,4,https://www.fifa.com/en/tournaments/mens/worldcup/canadamexicousa2026/statistics/player-statistics,2026-08-31
465,Andres Cubas,PAR,MF,0,0,1,0,0,1,0,0.02,0x,0,https://www.fifa.com/en/tournaments/mens/worldcup/canadamexicousa2026/statistics/player-statistics,2026-08-31
465,Miles Robinson,USA,DF,0,0,1,0,1,0,1,0.06,0x,0,https://www.fifa.com/en/tournaments/mens/worldcup/canadamexicousa2026/statistics/player-statistics,2026-08-31
465,Fabinho,BRA,MF,0,0,1,0,1,0,1,0.02,0x,0,https://www.fifa.com/en/tournaments/mens/worldcup/canadamexicousa2026/statistics/player-statistics,2026-08-31
465,Jordy Caicedo,ECU,FW,0,0,1,0,1,0,0,0.05,0x,0,https://www.fifa.com/en/tournaments/mens/worldcup/canadamexicousa2026/statistics/player-statistics,2026-08-31
465,Yaimar Medina,ECU,DF,0,0,1,0,1,0,1,0.04,0x,0,https://www.fifa.com/en/tournaments/mens/worldcup/canadamexicousa2026/statistics/player-statistics,2026-08-31
465,Mateo Chavez,MEX,DF,0,1,1,100,1,0,0,0.49,2.04x,0,https://www.fifa.com/en/tournaments/mens/worldcup/canadamexicousa2026/statistics/player-statistics,2026-08-31
465,Johan Vasquez,MEX,DF,0,0,1,0,1,0,1,0.22,0x,0,https://www.fifa.com/en/tournaments/mens/worldcup/canadamexicousa2026/statistics/player-statistics,2026-08-31
465,Jose Fajardo,PAN,FW,0,0,1,0,1,0,1,0.25,0x,0,https://www.fifa.com/en/tournaments/mens/worldcup/canadamexicousa2026/statistics/player-statistics,2026-08-31
465,Orbelin Pineda,MEX,MF,0,0,1,0,1,0,0,0.09,0x,0,https://www.fifa.com/en/tournaments/mens/worldcup/canadamexicousa2026/statistics/player-statistics,2026-08-31
465,Eric Davis,PAN,DF,0,0,1,0,0,1,0,0,0x,2,https://www.fifa.com/en/tournaments/mens/worldcup/canadamexicousa2026/statistics/player-statistics,2026-08-31
465,Josue Casimir,HAI,FW,0,0,1,0,0,1,0,0.01,0x,0,https://www.fifa.com/en/tournaments/mens/worldcup/canadamexicousa2026/statistics/player-statistics,2026-08-31
465,Jose Manuel Lopez,ARG,FW,1,0,1,0,1,0,0,0.04,0x,0,https://www.fifa.com/en/tournaments/mens/worldcup/canadamexicousa2026/statistics/player-statistics,2026-08-31
465,Tomas Rodriguez,PAN,FW,0,1,1,0,0,1,0,0.06,0x,0,https://www.fifa.com/en/tournaments/mens/worldcup/canadamexicousa2026/statistics/player-statistics,2026-08-31
465,Obed Vargas,MEX,MF,0,1,1,0,0,1,0,0.02,0x,0,https://www.fifa.com/en/tournaments/mens/worldcup/canadamexicousa2026/statistics/player-statistics,2026-08-31
465,Cesar Montes,MEX,DF,0,1,1,0,1,0,1,0.06,0x,0,https://www.fifa.com/en/tournaments/mens/worldcup/canadamexicousa2026/statistics/player-statistics,2026-08-31
465,Giuliano Simeone,ARG,FW,0,0,1,0,1,0,0,0.05,0x,0,https://www.fifa.com/en/tournaments/mens/worldcup/canadamexicousa2026/statistics/player-statistics,2026-08-31
465,Gustavo Caballero,PAR,MF,0,1,1,0,1,0,1,0.07,0x,0,https://www.fifa.com/en/tournaments/mens/worldcup/canadamexicousa2026/statistics/player-statistics,2026-08-31
465,Cucho Hernandez,COL,FW,1,0,1,0,1,0,1,0.04,0x,0,https://www.fifa.com/en/tournaments/mens/worldcup/canadamexicousa2026/statistics/player-statistics,2026-08-31
465,Nico Paz,ARG,FW,0,0,1,0,0,1,0,0.08,0x,0,https://www.fifa.com/en/tournaments/mens/worldcup/canadamexicousa2026/statistics/player-statistics,2026-08-31
465,Mathias Olivera,URU,DF,0,0,1,0,1,0,1,0.05,0x,0,https://www.fifa.com/en/tournaments/mens/worldcup/canadamexicousa2026/statistics/player-statistics,2026-08-31
465,Azarias Londono,PAN,FW,0,0,1,0,0,1,0,0.01,0x,0,https://www.fifa.com/en/tournaments/mens/worldcup/canadamexicousa2026/statistics/player-statistics,2026-08-31
465,Dominique Simon,HAI,MF,0,1,1,0,0,1,0,0.01,0x,1,https://www.fifa.com/en/tournaments/mens/worldcup/canadamexicousa2026/statistics/player-statistics,2026-08-31
465,Gonzalo Montiel,ARG,DF,1,0,1,0,1,0,0,0.15,0x,0,https://www.fifa.com/en/tournaments/mens/worldcup/canadamexicousa2026/statistics/player-statistics,2026-08-31
465,Willian Pacho,ECU,DF,0,1,1,0,1,0,1,0.11,0x,0,https://www.fifa.com/en/tournaments/mens/worldcup/canadamexicousa2026/statistics/player-statistics,2026-08-31
465,Danilo,BRA,DF,0,0,1,0,1,0,0,0.04,0x,0,https://www.fifa.com/en/tournaments/mens/worldcup/canadamexicousa2026/statistics/player-statistics,2026-08-31
465,Gabriel Avalos,PAR,FW,0,0,1,0,1,0,0,0.05,0x,0,https://www.fifa.com/en/tournaments/mens/worldcup/canadamexicousa2026/statistics/player-statistics,2026-08-31
465,Nahuel Molina,ARG,DF,0,0,1,0,0,1,0,0.02,0x,0,https://www.fifa.com/en/tournaments/mens/worldcup/canadamexicousa2026/statistics/player-statistics,2026-08-31
465,Giovani Lo Celso,ARG,MF,0,1,1,100,0,1,0,0.15,6.61x,1,https://www.fifa.com/en/tournaments/mens/worldcup/canadamexicousa2026/statistics/player-statistics,2026-08-31
465,Omar Alderete,PAR,DF,0,0,1,0,0,1,0,0.01,0x,0,https://www.fifa.com/en/tournaments/mens/worldcup/canadamexicousa2026/statistics/player-statistics,2026-08-31
465,Alex Zendejas,USA,FW,0,0,1,0,1,0,0,0,0x,0,https://www.fifa.com/en/tournaments/mens/worldcup/canadamexicousa2026/statistics/player-statistics,2026-08-31
465,Jordy Alcivar,ECU,MF,0,0,1,0,1,0,0,0.04,0x,0,https://www.fifa.com/en/tournaments/mens/worldcup/canadamexicousa2026/statistics/player-statistics,2026-08-31
465,Gabriel Magalhaes,BRA,DF,1,0,1,0,1,0,0,0.03,0x,0,https://www.fifa.com/en/tournaments/mens/worldcup/canadamexicousa2026/statistics/player-statistics,2026-08-31
465,Besfort Zeneli,SWE,MF,0,1,1,0,0,1,0,0.01,0x,0,https://www.fifa.com/en/tournaments/mens/worldcup/canadamexicousa2026/statistics/player-statistics,2026-08-31
465,Joe Bell,NZL,MF,0,0,1,0,0,1,0,0.01,0x,0,https://www.fifa.com/en/tournaments/mens/worldcup/canadamexicousa2026/statistics/player-statistics,2026-08-31
465,Lukas Provod,CZE,MF,0,0,1,0,0,1,0,0.05,0x,0,https://www.fifa.com/en/tournaments/mens/worldcup/canadamexicousa2026/statistics/player-statistics,2026-08-31
465,Mathew Leckie,AUS,FW,0,0,1,0,1,0,0,0.1,0x,0,https://www.fifa.com/en/tournaments/mens/worldcup/canadamexicousa2026/statistics/player-statistics,2026-08-31
465,Alexander Bernhardsson,SWE,DF,0,1,1,0,0,1,0,0.05,0x,0,https://www.fifa.com/en/tournaments/mens/worldcup/canadamexicousa2026/statistics/player-statistics,2026-08-31
465,Baris Alper Yilmaz,TUR,FW,1,0,1,100,0,1,0,0.06,16.87x,0,https://www.fifa.com/en/tournaments/mens/worldcup/canadamexicousa2026/statistics/player-statistics,2026-08-31
465,Aziz Behich,AUS,DF,0,1,1,0,1,0,0,0.02,0x,0,https://www.fifa.com/en/tournaments/mens/worldcup/canadamexicousa2026/statistics/player-statistics,2026-08-31
465,Liberato Cacace,NZL,DF,0,1,1,0,1,0,0,0.02,0x,2,https://www.fifa.com/en/tournaments/mens/worldcup/canadamexicousa2026/statistics/player-statistics,2026-08-31
465,Ken Sema,SWE,MF,0,0,1,0,1,0,0,0.06,0x,0,https://www.fifa.com/en/tournaments/mens/worldcup/canadamexicousa2026/statistics/player-statistics,2026-08-31
465,Manuel Akanji,SUI,DF,0,1,1,0,1,0,0,0.18,0x,0,https://www.fifa.com/en/tournaments/mens/worldcup/canadamexicousa2026/statistics/player-statistics,2026-08-31
465,Awer Mabil,AUS,FW,0,0,1,0,0,1,0,0.03,0x,0,https://www.fifa.com/en/tournaments/mens/worldcup/canadamexicousa2026/statistics/player-statistics,2026-08-31
465,Gavi,ESP,MF,0,0,1,0,1,0,0,0.01,0x,0,https://www.fifa.com/en/tournaments/mens/worldcup/canadamexicousa2026/statistics/player-statistics,2026-08-31
465,Jacob Italiano,AUS,DF,0,0,1,0,0,1,0,0.03,0x,0,https://www.fifa.com/en/tournaments/mens/worldcup/canadamexicousa2026/statistics/player-statistics,2026-08-31
465,Lyndon Dykes,SCO,FW,0,0,1,0,1,0,1,0.15,0x,0,https://www.fifa.com/en/tournaments/mens/worldcup/canadamexicousa2026/statistics/player-statistics,2026-08-31
465,Kai Trewin,AUS,DF,0,0,1,0,0,1,0,0,0x,0,https://www.fifa.com/en/tournaments/mens/worldcup/canadamexicousa2026/statistics/player-statistics,2026-08-31
465,Gustaf Nilsson,SWE,FW,0,0,1,0,1,0,1,0.01,0x,0,https://www.fifa.com/en/tournaments/mens/worldcup/canadamexicousa2026/statistics/player-statistics,2026-08-31
465,Ivan Sunjic,BIH,MF,0,1,1,0,0,1,0,0.09,0x,0,https://www.fifa.com/en/tournaments/mens/worldcup/canadamexicousa2026/statistics/player-statistics,2026-08-31
465,Dzenis Burnic,BIH,MF,0,0,1,0,0,1,0,0.02,0x,0,https://www.fifa.com/en/tournaments/mens/worldcup/canadamexicousa2026/statistics/player-statistics,2026-08-31
465,Kenny Mclean,SCO,MF,0,0,1,0,0,1,0,0.01,0x,0,https://www.fifa.com/en/tournaments/mens/worldcup/canadamexicousa2026/statistics/player-statistics,2026-08-31
465,Tomas Soucek,CZE,MF,0,0,1,0,1,0,0,0.12,0x,0,https://www.fifa.com/en/tournaments/mens/worldcup/canadamexicousa2026/statistics/player-statistics,2026-08-31
465,Tim Payne,NZL,DF,1,0,1,0,0,1,0,0.02,0x,3,https://www.fifa.com/en/tournaments/mens/worldcup/canadamexicousa2026/statistics/player-statistics,2026-08-31
465,Odiljon Xamrobekov,UZB,MF,0,0,1,0,1,0,0,0.16,0x,0,https://www.fifa.com/en/tournaments/mens/worldcup/canadamexicousa2026/statistics/player-statistics,2026-08-31
465,Benjamin Nygren,SWE,MF,0,0,1,0,0,1,0,0.03,0x,3,https://www.fifa.com/en/tournaments/mens/worldcup/canadamexicousa2026/statistics/player-statistics,2026-08-31
465,Sherzod Nasrullaev,UZB,DF,0,1,1,0,1,0,0,0.08,0x,0,https://www.fifa.com/en/tournaments/mens/worldcup/canadamexicousa2026/statistics/player-statistics,2026-08-31
465,Ferdi Kadioglu,TUR,DF,0,0,1,0,0,1,0,0.04,0x,0,https://www.fifa.com/en/tournaments/mens/worldcup/canadamexicousa2026/statistics/player-statistics,2026-08-31
465,Daniel Svensson,SWE,DF,0,0,1,0,0,1,0,0.01,0x,1,https://www.fifa.com/en/tournaments/mens/worldcup/canadamexicousa2026/statistics/player-statistics,2026-08-31
465,Akmal Mozgovoy,UZB,MF,1,0,1,0,1,0,0,0.08,0x,0,https://www.fifa.com/en/tournaments/mens/worldcup/canadamexicousa2026/statistics/player-statistics,2026-08-31
465,Harry Souttar,AUS,DF,0,1,1,0,1,0,1,0.05,0x,0,https://www.fifa.com/en/tournaments/mens/worldcup/canadamexicousa2026/statistics/player-statistics,2026-08-31
465,Che Adams,SCO,FW,0,1,1,0,1,0,0,0.15,0x,0,https://www.fifa.com/en/tournaments/mens/worldcup/canadamexicousa2026/statistics/player-statistics,2026-08-31
465,Kaan Ayhan,TUR,MF,0,1,1,100,1,0,0,0.68,1.48x,0,https://www.fifa.com/en/tournaments/mens/worldcup/canadamexicousa2026/statistics/player-statistics,2026-08-31
465,Jesper Karlstrom,SWE,MF,0,0,1,0,1,0,0,0.05,0x,0,https://www.fifa.com/en/tournaments/mens/worldcup/canadamexicousa2026/statistics/player-statistics,2026-08-31
465,Jesse Randall,NZL,FW,0,0,1,0,0,1,0,0.01,0x,3,https://www.fifa.com/en/tournaments/mens/worldcup/canadamexicousa2026/statistics/player-statistics,2026-08-31
465,Tete Yengi,AUS,FW,0,1,1,0,1,0,0,0.1,0x,0,https://www.fifa.com/en/tournaments/mens/worldcup/canadamexicousa2026/statistics/player-statistics,2026-08-31
465,Zeki Amdouni,SUI,FW,0,0,1,0,0,1,0,0,0x,0,https://www.fifa.com/en/tournaments/mens/worldcup/canadamexicousa2026/statistics/player-statistics,2026-08-31
465,Azizjon Ganiev,UZB,MF,0,0,1,0,0,1,0,0.01,0x,1,https://www.fifa.com/en/tournaments/mens/worldcup/canadamexicousa2026/statistics/player-statistics,2026-08-31
465,Zeki Celik,TUR,DF,0,1,1,0,1,0,0,0.1,0x,1,https://www.fifa.com/en/tournaments/mens/worldcup/canadamexicousa2026/statistics/player-statistics,2026-08-31
465,Vladimir Coufal,CZE,DF,1,0,1,0,1,0,1,0.02,0x,9,https://www.fifa.com/en/tournaments/mens/worldcup/canadamexicousa2026/statistics/player-statistics,2026-08-31
465,Elliot Stroud,SWE,DF,0,0,1,0,1,0,0,0.09,0x,3,https://www.fifa.com/en/tournaments/mens/worldcup/canadamexicousa2026/statistics/player-statistics,2026-08-31
465,Vladimir Darida,CZE,MF,0,0,1,0,1,0,0,0.01,0x,0,https://www.fifa.com/en/tournaments/mens/worldcup/canadamexicousa2026/statistics/player-statistics,2026-08-31
465,Jaroslav Zeleny,CZE,DF,0,0,1,0,1,0,1,0.02,0x,0,https://www.fifa.com/en/tournaments/mens/worldcup/canadamexicousa2026/statistics/player-statistics,2026-08-31
465,Noah Okafor,SUI,FW,0,0,1,0,1,0,0,0.18,0x,0,https://www.fifa.com/en/tournaments/mens/worldcup/canadamexicousa2026/statistics/player-statistics,2026-08-31
465,Ricardo Rodriguez,SUI,DF,1,0,1,0,0,1,0,0.02,0x,4,https://www.fifa.com/en/tournaments/mens/worldcup/canadamexicousa2026/statistics/player-statistics,2026-08-31
465,Azizbek Amonov,UZB,FW,0,0,1,0,0,1,0,0.01,0x,0,https://www.fifa.com/en/tournaments/mens/worldcup/canadamexicousa2026/statistics/player-statistics,2026-08-31
465,Chadi Riad,MAR,DF,1,0,1,0,1,0,1,0.12,0x,0,https://www.fifa.com/en/tournaments/mens/worldcup/canadamexicousa2026/statistics/player-statistics,2026-08-31
465,Jonathan Osorio,CAN,MF,0,0,1,0,1,0,0,0.04,0x,0,https://www.fifa.com/en/tournaments/mens/worldcup/canadamexicousa2026/statistics/player-statistics,2026-08-31
465,Ramy Rabia,EGY,DF,0,1,1,0,1,0,1,0.1,0x,0,https://www.fifa.com/en/tournaments/mens/worldcup/canadamexicousa2026/statistics/player-statistics,2026-08-31
465,Ibrahim Sangare,CIV,MF,1,0,1,0,0,1,0,0,0x,0,https://www.fifa.com/en/tournaments/mens/worldcup/canadamexicousa2026/statistics/player-statistics,2026-08-31
465,Moise Bombito,CAN,DF,0,1,1,0,1,0,1,0.2,0x,0,https://www.fifa.com/en/tournaments/mens/worldcup/canadamexicousa2026/statistics/player-statistics,2026-08-31
465,Dailon Livramento,CPV,FW,0,0,1,0,0,1,0,0,0x,0,https://www.fifa.com/en/tournaments/mens/worldcup/canadamexicousa2026/statistics/player-statistics,2026-08-31
465,Bara Sapoko Ndiaye,SEN,MF,0,1,1,0,0,1,0,0.04,0x,0,https://www.fifa.com/en/tournaments/mens/worldcup/canadamexicousa2026/statistics/player-statistics,2026-08-31
