rank,player,team,position,top_speed_kmh,high_speed_running,sprints,total_distance_metres,source_url,retrieved_date
1,Kylian Mbappe,FRA,FW,37.61,529,250,66726.57,https://www.fifa.com/en/tournaments/mens/worldcup/canadamexicousa2026/statistics/player-statistics,2026-08-31
2,Anthony Elanga,SWE,FW,37.16,211,118,24265.7,https://www.fifa.com/en/tournaments/mens/worldcup/canadamexicousa2026/statistics/player-statistics,2026-08-31
3,Micky Van De Ven,NED,DF,36.77,245,92,27342.03,https://www.fifa.com/en/tournaments/mens/worldcup/canadamexicousa2026/statistics/player-statistics,2026-08-31
4,Jordan Bos,AUS,DF,36.67,396,223,36920.34,https://www.fifa.com/en/tournaments/mens/worldcup/canadamexicousa2026/statistics/player-statistics,2026-08-31
5,Erling Haaland,NOR,FW,36.52,375,172,49468.92,https://www.fifa.com/en/tournaments/mens/worldcup/canadamexicousa2026/statistics/player-statistics,2026-08-31
6,Abdukodir Khusanov,UZB,DF,36.46,218,93,27912.88,https://www.fifa.com/en/tournaments/mens/worldcup/canadamexicousa2026/statistics/player-statistics,2026-08-31
7,Bradley Barcola,FRA,FW,36.32,340,165,42770.58,https://www.fifa.com/en/tournaments/mens/worldcup/canadamexicousa2026/statistics/player-statistics,2026-08-31
8,Djed Spence,ENG,DF,36.22,417,214,45630.64,https://www.fifa.com/en/tournaments/mens/worldcup/canadamexicousa2026/statistics/player-statistics,2026-08-31
9,Theo Hernandez,FRA,DF,36.17,288,134,29720.25,https://www.fifa.com/en/tournaments/mens/worldcup/canadamexicousa2026/statistics/player-statistics,2026-08-31
10,Nelson Semedo,POR,DF,35.9,196,79,16630.4,https://www.fifa.com/en/tournaments/mens/worldcup/canadamexicousa2026/statistics/player-statistics,2026-08-31
11,Anthony Gordon,ENG,FW,35.79,474,232,43686.72,https://www.fifa.com/en/tournaments/mens/worldcup/canadamexicousa2026/statistics/player-statistics,2026-08-31
12,Mohamed Toure,AUS,FW,35.77,217,79,19508.03,https://www.fifa.com/en/tournaments/mens/worldcup/canadamexicousa2026/statistics/player-statistics,2026-08-31
13,Ryan Gravenberch,NED,MF,35.61,443,129,37432.87,https://www.fifa.com/en/tournaments/mens/worldcup/canadamexicousa2026/statistics/player-statistics,2026-08-31
14,Folarin Balogun,USA,FW,35.6,329,183,34951.64,https://www.fifa.com/en/tournaments/mens/worldcup/canadamexicousa2026/statistics/player-statistics,2026-08-31
15,Marcus Holmgren Pedersen,NOR,DF,35.59,322,137,29767.17,https://www.fifa.com/en/tournaments/mens/worldcup/canadamexicousa2026/statistics/player-statistics,2026-08-31
16,Alan Minda,ECU,MF,35.52,80,31,6170.77,https://www.fifa.com/en/tournaments/mens/worldcup/canadamexicousa2026/statistics/player-statistics,2026-08-31
17,Sondre Langas,NOR,DF,35.51,26,11,2880.7,https://www.fifa.com/en/tournaments/mens/worldcup/canadamexicousa2026/statistics/player-statistics,2026-08-31
18,Achraf Hakimi,MAR,DF,35.48,624,296,63750.68,https://www.fifa.com/en/tournaments/mens/worldcup/canadamexicousa2026/statistics/player-statistics,2026-08-31
19,Dayot Upamecano,FRA,DF,35.39,598,228,73611.38,https://www.fifa.com/en/tournaments/mens/worldcup/canadamexicousa2026/statistics/player-statistics,2026-08-31
20,Pedro Neto,POR,FW,35.33,368,208,37581.23,https://www.fifa.com/en/tournaments/mens/worldcup/canadamexicousa2026/statistics/player-statistics,2026-08-31
21,Chemsdine Talbi,MAR,MF,35.33,280,128,23817.14,https://www.fifa.com/en/tournaments/mens/worldcup/canadamexicousa2026/statistics/player-statistics,2026-08-31
22,Richie Laryea,CAN,DF,35.23,464,231,46053.79,https://www.fifa.com/en/tournaments/mens/worldcup/canadamexicousa2026/statistics/player-statistics,2026-08-31
23,Giuliano Simeone,ARG,FW,35.2,296,114,23625.58,https://www.fifa.com/en/tournaments/mens/worldcup/canadamexicousa2026/statistics/player-statistics,2026-08-31
24,Omar Marmoush,EGY,FW,35.17,321,165,35476.36,https://www.fifa.com/en/tournaments/mens/worldcup/canadamexicousa2026/statistics/player-statistics,2026-08-31
25,Marcus Rashford,ENG,FW,35.17,285,147,28790.24,https://www.fifa.com/en/tournaments/mens/worldcup/canadamexicousa2026/statistics/player-statistics,2026-08-31
26,Son Heungmin,KOR,FW,35.17,169,96,18757.38,https://www.fifa.com/en/tournaments/mens/worldcup/canadamexicousa2026/statistics/player-statistics,2026-08-31
27,Thapelo Maseko,RSA,FW,35.17,299,159,27093.85,https://www.fifa.com/en/tournaments/mens/worldcup/canadamexicousa2026/statistics/player-statistics,2026-08-31
28,Nuno Mendes,POR,DF,35.16,382,160,39049.58,https://www.fifa.com/en/tournaments/mens/worldcup/canadamexicousa2026/statistics/player-statistics,2026-08-31
29,Virgil Van Dijk,NED,DF,35.14,292,100,38197.13,https://www.fifa.com/en/tournaments/mens/worldcup/canadamexicousa2026/statistics/player-statistics,2026-08-31
30,Nestory Irankunda,AUS,FW,35.13,263,129,27279,https://www.fifa.com/en/tournaments/mens/worldcup/canadamexicousa2026/statistics/player-statistics,2026-08-31
31,Luis Diaz,COL,FW,35.13,510,248,52994.8,https://www.fifa.com/en/tournaments/mens/worldcup/canadamexicousa2026/statistics/player-statistics,2026-08-31
32,Antoine Semenyo,GHA,MF,35.12,285,167,39933.84,https://www.fifa.com/en/tournaments/mens/worldcup/canadamexicousa2026/statistics/player-statistics,2026-08-31
33,Kristoffer Ajer,NOR,DF,35.09,480,150,54843.56,https://www.fifa.com/en/tournaments/mens/worldcup/canadamexicousa2026/statistics/player-statistics,2026-08-31
34,Alistair Johnston,CAN,DF,35.08,683,264,53458.13,https://www.fifa.com/en/tournaments/mens/worldcup/canadamexicousa2026/statistics/player-statistics,2026-08-31
35,Luis Suarez,COL,FW,35.05,267,155,32718.6,https://www.fifa.com/en/tournaments/mens/worldcup/canadamexicousa2026/statistics/player-statistics,2026-08-31
36,Daizen Maeda,JPN,MF,35,432,239,32326.01,https://www.fifa.com/en/tournaments/mens/worldcup/canadamexicousa2026/statistics/player-statistics,2026-08-31
37,Julian Alvarez,ARG,FW,34.98,787,340,71340.54,https://www.fifa.com/en/tournaments/mens/worldcup/canadamexicousa2026/statistics/player-statistics,2026-08-31
38,Felix Nmecha,GER,MF,34.97,442,141,33325.14,https://www.fifa.com/en/tournaments/mens/worldcup/canadamexicousa2026/statistics/player-statistics,2026-08-31
39,Pico Lopes,CPV,DF,34.95,366,99,41751.06,https://www.fifa.com/en/tournaments/mens/worldcup/canadamexicousa2026/statistics/player-statistics,2026-08-31
40,Rafael Leao,POR,FW,34.95,188,75,18513.49,https://www.fifa.com/en/tournaments/mens/worldcup/canadamexicousa2026/statistics/player-statistics,2026-08-31
41,Brian Rodriguez,URU,FW,34.88,90,35,6497.61,https://www.fifa.com/en/tournaments/mens/worldcup/canadamexicousa2026/statistics/player-statistics,2026-08-31
42,Tani Oluwaseyi,CAN,FW,34.87,350,172,29357.02,https://www.fifa.com/en/tournaments/mens/worldcup/canadamexicousa2026/statistics/player-statistics,2026-08-31
43,Federico Valverde,URU,MF,34.86,228,99,25916.6,https://www.fifa.com/en/tournaments/mens/worldcup/canadamexicousa2026/statistics/player-statistics,2026-08-31
44,Brian Gutierrez,MEX,MF,34.85,334,112,24453.57,https://www.fifa.com/en/tournaments/mens/worldcup/canadamexicousa2026/statistics/player-statistics,2026-08-31
45,Hazem Mastouri,TUN,FW,34.84,106,39,10041.14,https://www.fifa.com/en/tournaments/mens/worldcup/canadamexicousa2026/statistics/player-statistics,2026-08-31
46,Matias Fernandez Pardo,BEL,FW,34.82,83,52,7102.68,https://www.fifa.com/en/tournaments/mens/worldcup/canadamexicousa2026/statistics/player-statistics,2026-08-31
47,Dailon Livramento,CPV,FW,34.81,237,100,23067.28,https://www.fifa.com/en/tournaments/mens/worldcup/canadamexicousa2026/statistics/player-statistics,2026-08-31
48,Ali Abdi,TUN,DF,34.81,343,150,29932.97,https://www.fifa.com/en/tournaments/mens/worldcup/canadamexicousa2026/statistics/player-statistics,2026-08-31
49,Esmir Bajraktarevic,BIH,FW,34.8,318,145,28616.79,https://www.fifa.com/en/tournaments/mens/worldcup/canadamexicousa2026/statistics/player-statistics,2026-08-31
50,Eren Elmali,TUR,DF,34.75,135,60,14528.21,https://www.fifa.com/en/tournaments/mens/worldcup/canadamexicousa2026/statistics/player-statistics,2026-08-31
51,Darwin Nunez,URU,FW,34.75,190,93,19040.35,https://www.fifa.com/en/tournaments/mens/worldcup/canadamexicousa2026/statistics/player-statistics,2026-08-31
52,Viktor Gyokeres,SWE,FW,34.75,426,177,42857.3,https://www.fifa.com/en/tournaments/mens/worldcup/canadamexicousa2026/statistics/player-statistics,2026-08-31
53,Breel Embolo,SUI,FW,34.75,468,235,49484.27,https://www.fifa.com/en/tournaments/mens/worldcup/canadamexicousa2026/statistics/player-statistics,2026-08-31
54,Ismail Jakobs,SEN,DF,34.72,384,141,29465.19,https://www.fifa.com/en/tournaments/mens/worldcup/canadamexicousa2026/statistics/player-statistics,2026-08-31
55,Crysencio Summerville,NED,FW,34.72,285,131,28089.07,https://www.fifa.com/en/tournaments/mens/worldcup/canadamexicousa2026/statistics/player-statistics,2026-08-31
56,Yan Diomande,CIV,FW,34.71,370,178,34347.31,https://www.fifa.com/en/tournaments/mens/worldcup/canadamexicousa2026/statistics/player-statistics,2026-08-31
57,Ibrahim Mbaye,SEN,FW,34.71,191,104,18570.21,https://www.fifa.com/en/tournaments/mens/worldcup/canadamexicousa2026/statistics/player-statistics,2026-08-31
58,Zeki Celik,TUR,DF,34.69,224,87,19112.83,https://www.fifa.com/en/tournaments/mens/worldcup/canadamexicousa2026/statistics/player-statistics,2026-08-31
59,Gustavo Caballero,PAR,MF,34.68,169,57,12413.4,https://www.fifa.com/en/tournaments/mens/worldcup/canadamexicousa2026/statistics/player-statistics,2026-08-31
60,Jeremy Doku,BEL,FW,34.68,443,172,35176.6,https://www.fifa.com/en/tournaments/mens/worldcup/canadamexicousa2026/statistics/player-statistics,2026-08-31
61,Deveron Fonville,CUW,DF,34.65,239,132,25516.75,https://www.fifa.com/en/tournaments/mens/worldcup/canadamexicousa2026/statistics/player-statistics,2026-08-31
62,Michael Olise,FRA,FW,34.65,1054,388,84499.58,https://www.fifa.com/en/tournaments/mens/worldcup/canadamexicousa2026/statistics/player-statistics,2026-08-31
63,Baris Alper Yilmaz,TUR,FW,34.64,228,106,21165.94,https://www.fifa.com/en/tournaments/mens/worldcup/canadamexicousa2026/statistics/player-statistics,2026-08-31
64,Bilal El Khannouss,MAR,MF,34.62,554,226,50933.34,https://www.fifa.com/en/tournaments/mens/worldcup/canadamexicousa2026/statistics/player-statistics,2026-08-31
65,Jesse Randall,NZL,FW,34.61,113,69,9324.27,https://www.fifa.com/en/tournaments/mens/worldcup/canadamexicousa2026/statistics/player-statistics,2026-08-31
66,Mousa Altamari,JOR,FW,34.59,243,120,23119.95,https://www.fifa.com/en/tournaments/mens/worldcup/canadamexicousa2026/statistics/player-statistics,2026-08-31
67,Alex Freeman,USA,DF,34.58,545,179,47281.6,https://www.fifa.com/en/tournaments/mens/worldcup/canadamexicousa2026/statistics/player-statistics,2026-08-31
68,Bazoumana Toure,CIV,FW,34.58,131,53,10594.52,https://www.fifa.com/en/tournaments/mens/worldcup/canadamexicousa2026/statistics/player-statistics,2026-08-31
69,Soufiane Rahimi,MAR,FW,34.58,317,137,25328.44,https://www.fifa.com/en/tournaments/mens/worldcup/canadamexicousa2026/statistics/player-statistics,2026-08-31
70,Odeh Fakhoury,JOR,FW,34.54,275,98,18713.27,https://www.fifa.com/en/tournaments/mens/worldcup/canadamexicousa2026/statistics/player-statistics,2026-08-31
71,Oguz Aydin,TUR,FW,34.51,103,55,10321.84,https://www.fifa.com/en/tournaments/mens/worldcup/canadamexicousa2026/statistics/player-statistics,2026-08-31
72,Nathan Ngoy,BEL,DF,34.49,353,112,37462.64,https://www.fifa.com/en/tournaments/mens/worldcup/canadamexicousa2026/statistics/player-statistics,2026-08-31
73,Moises Caicedo,ECU,MF,34.49,505,134,42353.4,https://www.fifa.com/en/tournaments/mens/worldcup/canadamexicousa2026/statistics/player-statistics,2026-08-31
74,Ismaila Sarr,SEN,FW,34.47,556,216,46719.89,https://www.fifa.com/en/tournaments/mens/worldcup/canadamexicousa2026/statistics/player-statistics,2026-08-31
75,Kim Minjae,KOR,DF,34.43,264,91,26815.14,https://www.fifa.com/en/tournaments/mens/worldcup/canadamexicousa2026/statistics/player-statistics,2026-08-31
76,Leroy Sane,GER,MF,34.42,477,221,38060.03,https://www.fifa.com/en/tournaments/mens/worldcup/canadamexicousa2026/statistics/player-statistics,2026-08-31
77,Josue Casimir,HAI,FW,34.42,246,113,20980.8,https://www.fifa.com/en/tournaments/mens/worldcup/canadamexicousa2026/statistics/player-statistics,2026-08-31
78,Thalente Mbatha,RSA,MF,34.37,446,145,31917.63,https://www.fifa.com/en/tournaments/mens/worldcup/canadamexicousa2026/statistics/player-statistics,2026-08-31
79,Wilfried Singo,CIV,DF,34.36,173,65,18230.23,https://www.fifa.com/en/tournaments/mens/worldcup/canadamexicousa2026/statistics/player-statistics,2026-08-31
80,Ngalayel Mukau,COD,MF,34.35,383,105,26619.43,https://www.fifa.com/en/tournaments/mens/worldcup/canadamexicousa2026/statistics/player-statistics,2026-08-31
81,Firas Chaouat,TUN,FW,34.35,83,35,6946.94,https://www.fifa.com/en/tournaments/mens/worldcup/canadamexicousa2026/statistics/player-statistics,2026-08-31
82,Emmanuel Agbadou,CIV,DF,34.35,250,72,28516.79,https://www.fifa.com/en/tournaments/mens/worldcup/canadamexicousa2026/statistics/player-statistics,2026-08-31
83,Denzel Dumfries,NED,DF,34.35,470,183,43452.06,https://www.fifa.com/en/tournaments/mens/worldcup/canadamexicousa2026/statistics/player-statistics,2026-08-31
84,Miles Robinson,USA,DF,34.33,134,43,11909.05,https://www.fifa.com/en/tournaments/mens/worldcup/canadamexicousa2026/statistics/player-statistics,2026-08-31
85,Antonio Nusa,NOR,FW,34.33,411,176,35679.45,https://www.fifa.com/en/tournaments/mens/worldcup/canadamexicousa2026/statistics/player-statistics,2026-08-31
86,Ruben Vargas,SUI,FW,34.31,373,170,31605.36,https://www.fifa.com/en/tournaments/mens/worldcup/canadamexicousa2026/statistics/player-statistics,2026-08-31
87,Noni Madueke,ENG,FW,34.31,335,147,30578.18,https://www.fifa.com/en/tournaments/mens/worldcup/canadamexicousa2026/statistics/player-statistics,2026-08-31
88,Meschack Elia,COD,FW,34.3,86,41,6530.78,https://www.fifa.com/en/tournaments/mens/worldcup/canadamexicousa2026/statistics/player-statistics,2026-08-31
89,Ben Gannon Doak,SCO,FW,34.3,200,96,20888.71,https://www.fifa.com/en/tournaments/mens/worldcup/canadamexicousa2026/statistics/player-statistics,2026-08-31
90,Khuliso Mudau,RSA,DF,34.28,399,189,39120.48,https://www.fifa.com/en/tournaments/mens/worldcup/canadamexicousa2026/statistics/player-statistics,2026-08-31
91,Jacob Shaffelburg,CAN,MF,34.25,202,106,15826.53,https://www.fifa.com/en/tournaments/mens/worldcup/canadamexicousa2026/statistics/player-statistics,2026-08-31
92,Nico Oreilly,ENG,DF,34.24,596,236,54499.2,https://www.fifa.com/en/tournaments/mens/worldcup/canadamexicousa2026/statistics/player-statistics,2026-08-31
93,Jean Ricner Bellegarde,HAI,MF,34.22,431,112,32370.02,https://www.fifa.com/en/tournaments/mens/worldcup/canadamexicousa2026/statistics/player-statistics,2026-08-31
94,Cameron Burgess,AUS,DF,34.2,147,33,15035.64,https://www.fifa.com/en/tournaments/mens/worldcup/canadamexicousa2026/statistics/player-statistics,2026-08-31
95,Ollie Watkins,ENG,FW,34.2,83,39,7078.71,https://www.fifa.com/en/tournaments/mens/worldcup/canadamexicousa2026/statistics/player-statistics,2026-08-31
96,Danilo,BRA,DF,34.2,495,217,44689.09,https://www.fifa.com/en/tournaments/mens/worldcup/canadamexicousa2026/statistics/player-statistics,2026-08-31
97,Tajon Buchanan,CAN,FW,34.15,537,213,43975.29,https://www.fifa.com/en/tournaments/mens/worldcup/canadamexicousa2026/statistics/player-statistics,2026-08-31
98,Oscar Bobb,NOR,MF,34.15,334,136,29207.95,https://www.fifa.com/en/tournaments/mens/worldcup/canadamexicousa2026/statistics/player-statistics,2026-08-31
99,Vinicius Junior,BRA,FW,34.14,514,253,47848.57,https://www.fifa.com/en/tournaments/mens/worldcup/canadamexicousa2026/statistics/player-statistics,2026-08-31
100,William Saliba,FRA,DF,34.12,407,157,49524.88,https://www.fifa.com/en/tournaments/mens/worldcup/canadamexicousa2026/statistics/player-statistics,2026-08-31
101,Sherzod Nasrullaev,UZB,DF,34.12,232,95,21551.92,https://www.fifa.com/en/tournaments/mens/worldcup/canadamexicousa2026/statistics/player-statistics,2026-08-31
102,Neil El Aynaoui,MAR,MF,34.12,836,276,70474.7,https://www.fifa.com/en/tournaments/mens/worldcup/canadamexicousa2026/statistics/player-statistics,2026-08-31
103,Ali Ahmed,CAN,FW,34.11,341,172,27940.35,https://www.fifa.com/en/tournaments/mens/worldcup/canadamexicousa2026/statistics/player-statistics,2026-08-31
104,Amir Murillo,PAN,DF,34.1,332,156,31781.32,https://www.fifa.com/en/tournaments/mens/worldcup/canadamexicousa2026/statistics/player-statistics,2026-08-31
105,Jhon Lucumi,COL,DF,34.1,350,115,43823.06,https://www.fifa.com/en/tournaments/mens/worldcup/canadamexicousa2026/statistics/player-statistics,2026-08-31
106,Josko Gvardiol,CRO,DF,34.09,238,88,18796.01,https://www.fifa.com/en/tournaments/mens/worldcup/canadamexicousa2026/statistics/player-statistics,2026-08-31
107,Gabriel Martinelli,BRA,FW,34.09,216,87,18477.89,https://www.fifa.com/en/tournaments/mens/worldcup/canadamexicousa2026/statistics/player-statistics,2026-08-31
108,Jarell Quansah,ENG,DF,34.09,220,86,20672.41,https://www.fifa.com/en/tournaments/mens/worldcup/canadamexicousa2026/statistics/player-statistics,2026-08-31
109,Iqraam Rayners,RSA,FW,34.07,193,108,19309.81,https://www.fifa.com/en/tournaments/mens/worldcup/canadamexicousa2026/statistics/player-statistics,2026-08-31
110,Konrad Laimer,AUT,MF,34.07,442,194,42644.73,https://www.fifa.com/en/tournaments/mens/worldcup/canadamexicousa2026/statistics/player-statistics,2026-08-31
111,Seol Youngwoo,KOR,DF,34.06,309,155,30578.14,https://www.fifa.com/en/tournaments/mens/worldcup/canadamexicousa2026/statistics/player-statistics,2026-08-31
112,Mehdi Taremi,IRN,FW,34.05,345,156,30405.34,https://www.fifa.com/en/tournaments/mens/worldcup/canadamexicousa2026/statistics/player-statistics,2026-08-31
113,Alex Baena,ESP,MF,34.04,626,264,55400.88,https://www.fifa.com/en/tournaments/mens/worldcup/canadamexicousa2026/statistics/player-statistics,2026-08-31
114,Romano Schmid,AUT,MF,34.01,439,161,31408.46,https://www.fifa.com/en/tournaments/mens/worldcup/canadamexicousa2026/statistics/player-statistics,2026-08-31
115,Stepan Chaloupek,CZE,DF,34,141,46,10873.66,https://www.fifa.com/en/tournaments/mens/worldcup/canadamexicousa2026/statistics/player-statistics,2026-08-31
116,Deiver Machado,COL,DF,33.98,117,56,10069.09,https://www.fifa.com/en/tournaments/mens/worldcup/canadamexicousa2026/statistics/player-statistics,2026-08-31
117,Tahith Chong,CUW,MF,33.97,293,107,27318.08,https://www.fifa.com/en/tournaments/mens/worldcup/canadamexicousa2026/statistics/player-statistics,2026-08-31
118,Ruben Providence,HAI,FW,33.97,312,115,24005.38,https://www.fifa.com/en/tournaments/mens/worldcup/canadamexicousa2026/statistics/player-statistics,2026-08-31
119,Antonee Robinson,USA,DF,33.97,556,206,43815.48,https://www.fifa.com/en/tournaments/mens/worldcup/canadamexicousa2026/statistics/player-statistics,2026-08-31
120,Eldor Shomurodov,UZB,FW,33.96,274,149,30198.42,https://www.fifa.com/en/tournaments/mens/worldcup/canadamexicousa2026/statistics/player-statistics,2026-08-31
121,Amar Memic,BIH,MF,33.94,306,152,27462.49,https://www.fifa.com/en/tournaments/mens/worldcup/canadamexicousa2026/statistics/player-statistics,2026-08-31
122,Andy Robertson,SCO,DF,33.94,246,107,25387.97,https://www.fifa.com/en/tournaments/mens/worldcup/canadamexicousa2026/statistics/player-statistics,2026-08-31
123,Juan Jose Caceres,PAR,DF,33.94,521,193,48658.8,https://www.fifa.com/en/tournaments/mens/worldcup/canadamexicousa2026/statistics/player-statistics,2026-08-31
124,Endrick,BRA,FW,33.93,103,57,13958.58,https://www.fifa.com/en/tournaments/mens/worldcup/canadamexicousa2026/statistics/player-statistics,2026-08-31
125,Johan Manzambi,SUI,MF,33.9,345,113,24380.51,https://www.fifa.com/en/tournaments/mens/worldcup/canadamexicousa2026/statistics/player-statistics,2026-08-31
126,Nico Williams,ESP,FW,33.89,185,116,16643.75,https://www.fifa.com/en/tournaments/mens/worldcup/canadamexicousa2026/statistics/player-statistics,2026-08-31
127,Julio Enciso,PAR,FW,33.89,538,237,46088.56,https://www.fifa.com/en/tournaments/mens/worldcup/canadamexicousa2026/statistics/player-statistics,2026-08-31
128,Abbosbek Fayzullaev,UZB,MF,33.87,341,141,25301.81,https://www.fifa.com/en/tournaments/mens/worldcup/canadamexicousa2026/statistics/player-statistics,2026-08-31
129,Noussair Mazraoui,MAR,DF,33.87,396,146,48034.34,https://www.fifa.com/en/tournaments/mens/worldcup/canadamexicousa2026/statistics/player-statistics,2026-08-31
130,John Yeboah,ECU,FW,33.86,395,169,31500.85,https://www.fifa.com/en/tournaments/mens/worldcup/canadamexicousa2026/statistics/player-statistics,2026-08-31
131,Alidu Seidu,GHA,DF,33.83,73,34,8378.97,https://www.fifa.com/en/tournaments/mens/worldcup/canadamexicousa2026/statistics/player-statistics,2026-08-31
132,Che Adams,SCO,FW,33.82,192,75,17234.99,https://www.fifa.com/en/tournaments/mens/worldcup/canadamexicousa2026/statistics/player-statistics,2026-08-31
133,Nathaniel Brown,GER,DF,33.82,354,129,34794.69,https://www.fifa.com/en/tournaments/mens/worldcup/canadamexicousa2026/statistics/player-statistics,2026-08-31
134,Merih Demiral,TUR,DF,33.81,153,57,21211.19,https://www.fifa.com/en/tournaments/mens/worldcup/canadamexicousa2026/statistics/player-statistics,2026-08-31
135,Liam Millar,CAN,MF,33.8,243,114,19176.61,https://www.fifa.com/en/tournaments/mens/worldcup/canadamexicousa2026/statistics/player-statistics,2026-08-31
136,Guela Doue,CIV,DF,33.8,353,132,31331.08,https://www.fifa.com/en/tournaments/mens/worldcup/canadamexicousa2026/statistics/player-statistics,2026-08-31
137,Mohamed Amine Ben Hmida,TUN,DF,33.8,167,70,22028.58,https://www.fifa.com/en/tournaments/mens/worldcup/canadamexicousa2026/statistics/player-statistics,2026-08-31
138,Ime Okon,RSA,DF,33.8,460,183,39562.72,https://www.fifa.com/en/tournaments/mens/worldcup/canadamexicousa2026/statistics/player-statistics,2026-08-31
139,Marquinhos,BRA,DF,33.79,453,141,49331.59,https://www.fifa.com/en/tournaments/mens/worldcup/canadamexicousa2026/statistics/player-statistics,2026-08-31
140,Johan Mojica,COL,DF,33.79,474,198,43296.39,https://www.fifa.com/en/tournaments/mens/worldcup/canadamexicousa2026/statistics/player-statistics,2026-08-31
141,Findlay Curtis,SCO,FW,33.79,35,16,2919.32,https://www.fifa.com/en/tournaments/mens/worldcup/canadamexicousa2026/statistics/player-statistics,2026-08-31
142,Jose Cordoba,PAN,DF,33.79,315,114,30753.8,https://www.fifa.com/en/tournaments/mens/worldcup/canadamexicousa2026/statistics/player-statistics,2026-08-31
143,Jesus Gallardo,MEX,DF,33.78,395,136,43286.39,https://www.fifa.com/en/tournaments/mens/worldcup/canadamexicousa2026/statistics/player-statistics,2026-08-31
144,Nilson Angulo,ECU,FW,33.78,274,136,25147.24,https://www.fifa.com/en/tournaments/mens/worldcup/canadamexicousa2026/statistics/player-statistics,2026-08-31
145,Moteb Alharbi,KSA,DF,33.78,235,107,22511.24,https://www.fifa.com/en/tournaments/mens/worldcup/canadamexicousa2026/statistics/player-statistics,2026-08-31
146,Nicolas Pepe,CIV,FW,33.77,289,154,25237.91,https://www.fifa.com/en/tournaments/mens/worldcup/canadamexicousa2026/statistics/player-statistics,2026-08-31
147,Ryan Mendes,CPV,FW,33.77,468,170,37830.2,https://www.fifa.com/en/tournaments/mens/worldcup/canadamexicousa2026/statistics/player-statistics,2026-08-31
148,Mbekezeli Mbokazi,RSA,DF,33.76,336,138,35585.09,https://www.fifa.com/en/tournaments/mens/worldcup/canadamexicousa2026/statistics/player-statistics,2026-08-31
149,Davinson Sanchez,COL,DF,33.76,441,145,48497.14,https://www.fifa.com/en/tournaments/mens/worldcup/canadamexicousa2026/statistics/player-statistics,2026-08-31
150,Tim Payne,NZL,DF,33.74,309,105,25040.85,https://www.fifa.com/en/tournaments/mens/worldcup/canadamexicousa2026/statistics/player-statistics,2026-08-31
151,Maxence Lacroix,FRA,DF,33.73,280,93,26505.73,https://www.fifa.com/en/tournaments/mens/worldcup/canadamexicousa2026/statistics/player-statistics,2026-08-31
152,Prince Adu,GHA,FW,33.72,70,31,6266.52,https://www.fifa.com/en/tournaments/mens/worldcup/canadamexicousa2026/statistics/player-statistics,2026-08-31
153,Derrick Etienne,HAI,FW,33.69,26,8,1841.93,https://www.fifa.com/en/tournaments/mens/worldcup/canadamexicousa2026/statistics/player-statistics,2026-08-31
154,Christian Pulisic,USA,FW,33.69,380,137,29436.84,https://www.fifa.com/en/tournaments/mens/worldcup/canadamexicousa2026/statistics/player-statistics,2026-08-31
155,Wilson Isidor,HAI,FW,33.69,287,110,22699.6,https://www.fifa.com/en/tournaments/mens/worldcup/canadamexicousa2026/statistics/player-statistics,2026-08-31
156,David Raum,GER,DF,33.68,198,85,13697.63,https://www.fifa.com/en/tournaments/mens/worldcup/canadamexicousa2026/statistics/player-statistics,2026-08-31
157,Alexander Sorloth,NOR,FW,33.68,483,187,38789.92,https://www.fifa.com/en/tournaments/mens/worldcup/canadamexicousa2026/statistics/player-statistics,2026-08-31
158,Aaron Wan Bissaka,COD,DF,33.68,460,194,40401.23,https://www.fifa.com/en/tournaments/mens/worldcup/canadamexicousa2026/statistics/player-statistics,2026-08-31
159,Josip Stanisic,CRO,DF,33.68,418,196,42580.9,https://www.fifa.com/en/tournaments/mens/worldcup/canadamexicousa2026/statistics/player-statistics,2026-08-31
160,Leon Goretzka,GER,MF,33.68,140,49,12494.96,https://www.fifa.com/en/tournaments/mens/worldcup/canadamexicousa2026/statistics/player-statistics,2026-08-31
161,Dodi Lukebakio,BEL,FW,33.68,232,101,20237.33,https://www.fifa.com/en/tournaments/mens/worldcup/canadamexicousa2026/statistics/player-statistics,2026-08-31
162,Ismael Saibari,MAR,MF,33.67,615,315,45216.86,https://www.fifa.com/en/tournaments/mens/worldcup/canadamexicousa2026/statistics/player-statistics,2026-08-31
163,Nahuel Molina,ARG,DF,33.66,608,265,57871.18,https://www.fifa.com/en/tournaments/mens/worldcup/canadamexicousa2026/statistics/player-statistics,2026-08-31
164,Gabriel Gudmundsson,SWE,DF,33.66,340,137,36816.96,https://www.fifa.com/en/tournaments/mens/worldcup/canadamexicousa2026/statistics/player-statistics,2026-08-31
165,Akam Hashim,IRQ,DF,33.65,270,79,28097.87,https://www.fifa.com/en/tournaments/mens/worldcup/canadamexicousa2026/statistics/player-statistics,2026-08-31
166,Piero Hincapie,ECU,DF,33.65,420,192,39830.97,https://www.fifa.com/en/tournaments/mens/worldcup/canadamexicousa2026/statistics/player-statistics,2026-08-31
167,Luca Jaquez,SUI,DF,33.64,96,39,9611.83,https://www.fifa.com/en/tournaments/mens/worldcup/canadamexicousa2026/statistics/player-statistics,2026-08-31
168,Isidro Pitta,PAR,FW,33.64,77,23,6037.06,https://www.fifa.com/en/tournaments/mens/worldcup/canadamexicousa2026/statistics/player-statistics,2026-08-31
169,Morgan Rogers,ENG,MF,33.63,608,227,47046.38,https://www.fifa.com/en/tournaments/mens/worldcup/canadamexicousa2026/statistics/player-statistics,2026-08-31
170,Dan Ndoye,SUI,FW,33.63,509,248,44247.46,https://www.fifa.com/en/tournaments/mens/worldcup/canadamexicousa2026/statistics/player-statistics,2026-08-31
171,Marcel Sabitzer,AUT,MF,33.62,488,233,41363.96,https://www.fifa.com/en/tournaments/mens/worldcup/canadamexicousa2026/statistics/player-statistics,2026-08-31
172,Brian Brobbey,NED,FW,33.6,226,77,22528.72,https://www.fifa.com/en/tournaments/mens/worldcup/canadamexicousa2026/statistics/player-statistics,2026-08-31
173,Mohamed Salah,EGY,FW,33.6,493,201,49162.03,https://www.fifa.com/en/tournaments/mens/worldcup/canadamexicousa2026/statistics/player-statistics,2026-08-31
174,Yuito Suzuki,JPN,MF,33.59,32,14,2226.64,https://www.fifa.com/en/tournaments/mens/worldcup/canadamexicousa2026/statistics/player-statistics,2026-08-31
175,Martin Baturina,CRO,MF,33.59,489,175,37805.67,https://www.fifa.com/en/tournaments/mens/worldcup/canadamexicousa2026/statistics/player-statistics,2026-08-31
176,Reece James,ENG,DF,33.59,333,131,36392.78,https://www.fifa.com/en/tournaments/mens/worldcup/canadamexicousa2026/statistics/player-statistics,2026-08-31
177,Ferran Torres,ESP,FW,33.56,345,197,35975.8,https://www.fifa.com/en/tournaments/mens/worldcup/canadamexicousa2026/statistics/player-statistics,2026-08-31
178,Jack Hendry,SCO,DF,33.55,349,123,30532.32,https://www.fifa.com/en/tournaments/mens/worldcup/canadamexicousa2026/statistics/player-statistics,2026-08-31
179,Sidny Lopes Cabral,CPV,DF,33.53,257,117,30954.32,https://www.fifa.com/en/tournaments/mens/worldcup/canadamexicousa2026/statistics/player-statistics,2026-08-31
180,Ali Alhamadi,IRQ,FW,33.53,258,112,22671.28,https://www.fifa.com/en/tournaments/mens/worldcup/canadamexicousa2026/statistics/player-statistics,2026-08-31
181,Inaki Williams,GHA,FW,33.53,117,64,12856.69,https://www.fifa.com/en/tournaments/mens/worldcup/canadamexicousa2026/statistics/player-statistics,2026-08-31
182,Charles De Ketelaere,BEL,FW,33.53,426,217,40926.71,https://www.fifa.com/en/tournaments/mens/worldcup/canadamexicousa2026/statistics/player-statistics,2026-08-31
183,Ivan Perisic,CRO,FW,33.52,452,183,41581.7,https://www.fifa.com/en/tournaments/mens/worldcup/canadamexicousa2026/statistics/player-statistics,2026-08-31
184,Jean Kevin Duverne,HAI,DF,33.52,209,82,19174.4,https://www.fifa.com/en/tournaments/mens/worldcup/canadamexicousa2026/statistics/player-statistics,2026-08-31
185,Nico Gonzalez,ARG,MF,33.52,322,153,32891.62,https://www.fifa.com/en/tournaments/mens/worldcup/canadamexicousa2026/statistics/player-statistics,2026-08-31
186,Nicolas Jackson,SEN,FW,33.52,304,154,28133.46,https://www.fifa.com/en/tournaments/mens/worldcup/canadamexicousa2026/statistics/player-statistics,2026-08-31
187,Malo Gusto,FRA,DF,33.5,166,78,15037.97,https://www.fifa.com/en/tournaments/mens/worldcup/canadamexicousa2026/statistics/player-statistics,2026-08-31
188,Desire Doue,FRA,FW,33.5,587,269,49084.57,https://www.fifa.com/en/tournaments/mens/worldcup/canadamexicousa2026/statistics/player-statistics,2026-08-31
189,Manuel Akanji,SUI,DF,33.47,631,187,62661.14,https://www.fifa.com/en/tournaments/mens/worldcup/canadamexicousa2026/statistics/player-statistics,2026-08-31
190,Isak Hien,SWE,DF,33.47,173,69,22458.49,https://www.fifa.com/en/tournaments/mens/worldcup/canadamexicousa2026/statistics/player-statistics,2026-08-31
191,Rayan Ait Nouri,ALG,DF,33.47,355,157,32073.2,https://www.fifa.com/en/tournaments/mens/worldcup/canadamexicousa2026/statistics/player-statistics,2026-08-31
192,Emam Ashour,EGY,MF,33.46,522,185,42840.52,https://www.fifa.com/en/tournaments/mens/worldcup/canadamexicousa2026/statistics/player-statistics,2026-08-31
193,Pedro Miguel,QAT,DF,33.45,229,76,26501.54,https://www.fifa.com/en/tournaments/mens/worldcup/canadamexicousa2026/statistics/player-statistics,2026-08-31
194,Yasser Ibrahim,EGY,DF,33.44,514,181,51489.36,https://www.fifa.com/en/tournaments/mens/worldcup/canadamexicousa2026/statistics/player-statistics,2026-08-31
195,Ali Olwan,JOR,FW,33.43,411,138,33572.53,https://www.fifa.com/en/tournaments/mens/worldcup/canadamexicousa2026/statistics/player-statistics,2026-08-31
196,Yoane Wissa,COD,FW,33.41,384,140,41481.27,https://www.fifa.com/en/tournaments/mens/worldcup/canadamexicousa2026/statistics/player-statistics,2026-08-31
197,Gilson Benchimol,CPV,FW,33.41,123,54,9993.83,https://www.fifa.com/en/tournaments/mens/worldcup/canadamexicousa2026/statistics/player-statistics,2026-08-31
198,Sergino Dest,USA,DF,33.41,464,210,36917.8,https://www.fifa.com/en/tournaments/mens/worldcup/canadamexicousa2026/statistics/player-statistics,2026-08-31
199,Agustin Canobbio,URU,MF,33.4,348,162,28186.33,https://www.fifa.com/en/tournaments/mens/worldcup/canadamexicousa2026/statistics/player-statistics,2026-08-31
200,Alessandro Circati,AUS,DF,33.38,424,142,44568.44,https://www.fifa.com/en/tournaments/mens/worldcup/canadamexicousa2026/statistics/player-statistics,2026-08-31
201,Kieran Tierney,SCO,DF,33.38,119,65,12307,https://www.fifa.com/en/tournaments/mens/worldcup/canadamexicousa2026/statistics/player-statistics,2026-08-31
202,Francisco Conceicao,POR,FW,33.36,201,87,17531.95,https://www.fifa.com/en/tournaments/mens/worldcup/canadamexicousa2026/statistics/player-statistics,2026-08-31
203,Kevin Rodriguez,ECU,FW,33.36,187,89,15137.76,https://www.fifa.com/en/tournaments/mens/worldcup/canadamexicousa2026/statistics/player-statistics,2026-08-31
204,Nathan Ake,NED,DF,33.36,136,49,18580.35,https://www.fifa.com/en/tournaments/mens/worldcup/canadamexicousa2026/statistics/player-statistics,2026-08-31
205,David Moller Wolfe,NOR,DF,33.35,520,216,48590.19,https://www.fifa.com/en/tournaments/mens/worldcup/canadamexicousa2026/statistics/player-statistics,2026-08-31
206,Raphinha,BRA,FW,33.34,189,108,15809.52,https://www.fifa.com/en/tournaments/mens/worldcup/canadamexicousa2026/statistics/player-statistics,2026-08-31
207,Sherel Floranus,CUW,DF,33.34,320,116,29893.73,https://www.fifa.com/en/tournaments/mens/worldcup/canadamexicousa2026/statistics/player-statistics,2026-08-31
208,Habib Diarra,SEN,MF,33.34,221,92,18234.36,https://www.fifa.com/en/tournaments/mens/worldcup/canadamexicousa2026/statistics/player-statistics,2026-08-31
209,Marco Pasalic,CRO,FW,33.34,142,82,12958.46,https://www.fifa.com/en/tournaments/mens/worldcup/canadamexicousa2026/statistics/player-statistics,2026-08-31
210,Marc Cucurella,ESP,DF,33.33,907,363,87986.05,https://www.fifa.com/en/tournaments/mens/worldcup/canadamexicousa2026/statistics/player-statistics,2026-08-31
211,Danley Jean Jacques,HAI,MF,33.32,470,138,33149.8,https://www.fifa.com/en/tournaments/mens/worldcup/canadamexicousa2026/statistics/player-statistics,2026-08-31
212,Amad Diallo,CIV,FW,33.32,270,104,21888.37,https://www.fifa.com/en/tournaments/mens/worldcup/canadamexicousa2026/statistics/player-statistics,2026-08-31
213,Salem Aldawsari,KSA,FW,33.32,400,160,29452.07,https://www.fifa.com/en/tournaments/mens/worldcup/canadamexicousa2026/statistics/player-statistics,2026-08-31
214,Thiago Almada,ARG,FW,33.31,362,137,31810.05,https://www.fifa.com/en/tournaments/mens/worldcup/canadamexicousa2026/statistics/player-statistics,2026-08-31
215,Raul Jimenez,MEX,FW,33.31,295,141,32083.35,https://www.fifa.com/en/tournaments/mens/worldcup/canadamexicousa2026/statistics/player-statistics,2026-08-31
216,Denis Zakaria,SUI,MF,33.31,393,168,39537.36,https://www.fifa.com/en/tournaments/mens/worldcup/canadamexicousa2026/statistics/player-statistics,2026-08-31
217,Ayase Ueda,JPN,FW,33.3,385,141,36607.93,https://www.fifa.com/en/tournaments/mens/worldcup/canadamexicousa2026/statistics/player-statistics,2026-08-31
218,Lukas Provod,CZE,MF,33.3,228,88,16011.22,https://www.fifa.com/en/tournaments/mens/worldcup/canadamexicousa2026/statistics/player-statistics,2026-08-31
219,Arthur Masuaku,COD,DF,33.3,343,114,32800.85,https://www.fifa.com/en/tournaments/mens/worldcup/canadamexicousa2026/statistics/player-statistics,2026-08-31
220,Junya Ito,JPN,MF,33.3,233,108,24421.93,https://www.fifa.com/en/tournaments/mens/worldcup/canadamexicousa2026/statistics/player-statistics,2026-08-31
221,Ernest Nuamah,GHA,FW,33.29,148,60,12051.38,https://www.fifa.com/en/tournaments/mens/worldcup/canadamexicousa2026/statistics/player-statistics,2026-08-31
222,Guillermo Varela,URU,DF,33.29,352,149,32750.8,https://www.fifa.com/en/tournaments/mens/worldcup/canadamexicousa2026/statistics/player-statistics,2026-08-31
223,Waldemar Anton,GER,DF,33.27,98,35,7334.85,https://www.fifa.com/en/tournaments/mens/worldcup/canadamexicousa2026/statistics/player-statistics,2026-08-31
224,Azzedine Ounahi,MAR,MF,33.27,654,266,53453.19,https://www.fifa.com/en/tournaments/mens/worldcup/canadamexicousa2026/statistics/player-statistics,2026-08-31
225,Ramy Bensebaini,ALG,DF,33.26,301,122,35700.14,https://www.fifa.com/en/tournaments/mens/worldcup/canadamexicousa2026/statistics/player-statistics,2026-08-31
226,Miguel Almiron,PAR,MF,33.26,357,129,33177.48,https://www.fifa.com/en/tournaments/mens/worldcup/canadamexicousa2026/statistics/player-statistics,2026-08-31
227,Brian Cipenga,COD,FW,33.25,210,112,17763.24,https://www.fifa.com/en/tournaments/mens/worldcup/canadamexicousa2026/statistics/player-statistics,2026-08-31
228,Kamaldeen Sulemana,GHA,FW,33.24,172,75,14795.98,https://www.fifa.com/en/tournaments/mens/worldcup/canadamexicousa2026/statistics/player-statistics,2026-08-31
229,Ricardo Pepi,USA,FW,33.24,366,148,27870.91,https://www.fifa.com/en/tournaments/mens/worldcup/canadamexicousa2026/statistics/player-statistics,2026-08-31
230,Angelo Preciado,ECU,DF,33.24,144,61,14040.86,https://www.fifa.com/en/tournaments/mens/worldcup/canadamexicousa2026/statistics/player-statistics,2026-08-31
231,Cedric Bakambu,COD,FW,33.23,256,117,21517.52,https://www.fifa.com/en/tournaments/mens/worldcup/canadamexicousa2026/statistics/player-statistics,2026-08-31
232,Gideon Mensah,GHA,DF,33.23,365,158,39697.98,https://www.fifa.com/en/tournaments/mens/worldcup/canadamexicousa2026/statistics/player-statistics,2026-08-31
233,Finn Surman,NZL,DF,33.22,310,103,30931.08,https://www.fifa.com/en/tournaments/mens/worldcup/canadamexicousa2026/statistics/player-statistics,2026-08-31
234,Andres Andrade,PAN,DF,33.21,322,117,30384.6,https://www.fifa.com/en/tournaments/mens/worldcup/canadamexicousa2026/statistics/player-statistics,2026-08-31
235,Roberto Alvarado,MEX,FW,33.21,567,185,50296.79,https://www.fifa.com/en/tournaments/mens/worldcup/canadamexicousa2026/statistics/player-statistics,2026-08-31
236,Jose Fajardo,PAN,FW,33.21,236,110,19207.38,https://www.fifa.com/en/tournaments/mens/worldcup/canadamexicousa2026/statistics/player-statistics,2026-08-31
237,Akram Afif,QAT,FW,33.21,194,104,23536.07,https://www.fifa.com/en/tournaments/mens/worldcup/canadamexicousa2026/statistics/player-statistics,2026-08-31
238,Rayan,BRA,FW,33.21,395,135,33427.25,https://www.fifa.com/en/tournaments/mens/worldcup/canadamexicousa2026/statistics/player-statistics,2026-08-31
239,Igor Thiago,BRA,FW,33.2,95,43,7498.81,https://www.fifa.com/en/tournaments/mens/worldcup/canadamexicousa2026/statistics/player-statistics,2026-08-31
240,Gonzalo Montiel,ARG,DF,33.19,330,106,26323.98,https://www.fifa.com/en/tournaments/mens/worldcup/canadamexicousa2026/statistics/player-statistics,2026-08-31
241,Elye Wahi,CIV,FW,33.18,154,63,13009.5,https://www.fifa.com/en/tournaments/mens/worldcup/canadamexicousa2026/statistics/player-statistics,2026-08-31
242,Armando Obispo,CUW,DF,33.18,189,65,26713.78,https://www.fifa.com/en/tournaments/mens/worldcup/canadamexicousa2026/statistics/player-statistics,2026-08-31
243,Charles Pickel,COD,MF,33.17,77,35,5540.28,https://www.fifa.com/en/tournaments/mens/worldcup/canadamexicousa2026/statistics/player-statistics,2026-08-31
244,Brandon Thomas Asante,GHA,FW,33.17,102,49,7440.82,https://www.fifa.com/en/tournaments/mens/worldcup/canadamexicousa2026/statistics/player-statistics,2026-08-31
245,Leandro Trossard,BEL,FW,33.17,802,276,63148.76,https://www.fifa.com/en/tournaments/mens/worldcup/canadamexicousa2026/statistics/player-statistics,2026-08-31
246,Pedro Porro,ESP,DF,33.17,631,283,62981.89,https://www.fifa.com/en/tournaments/mens/worldcup/canadamexicousa2026/statistics/player-statistics,2026-08-31
247,Cody Gakpo,NED,FW,33.16,418,177,39227,https://www.fifa.com/en/tournaments/mens/worldcup/canadamexicousa2026/statistics/player-statistics,2026-08-31
248,Henrik Falchener,NOR,DF,33.16,64,23,6891.96,https://www.fifa.com/en/tournaments/mens/worldcup/canadamexicousa2026/statistics/player-statistics,2026-08-31
249,Jorrel Hato,NED,DF,33.15,45,17,4437.91,https://www.fifa.com/en/tournaments/mens/worldcup/canadamexicousa2026/statistics/player-statistics,2026-08-31
250,Keito Nakamura,JPN,MF,33.15,497,180,36946.02,https://www.fifa.com/en/tournaments/mens/worldcup/canadamexicousa2026/statistics/player-statistics,2026-08-31
251,Antonio Ruediger,GER,DF,33.14,258,72,28802.14,https://www.fifa.com/en/tournaments/mens/worldcup/canadamexicousa2026/statistics/player-statistics,2026-08-31
252,Samir El Mourabet,MAR,MF,33.13,216,85,14604.02,https://www.fifa.com/en/tournaments/mens/worldcup/canadamexicousa2026/statistics/player-statistics,2026-08-31
253,Enner Valencia,ECU,FW,33.11,233,108,29489.89,https://www.fifa.com/en/tournaments/mens/worldcup/canadamexicousa2026/statistics/player-statistics,2026-08-31
254,Sander Berge,NOR,MF,33.1,770,192,63083.25,https://www.fifa.com/en/tournaments/mens/worldcup/canadamexicousa2026/statistics/player-statistics,2026-08-31
255,Yan Valery,TUN,DF,33.09,296,130,29256.28,https://www.fifa.com/en/tournaments/mens/worldcup/canadamexicousa2026/statistics/player-statistics,2026-08-31
256,Torbjorn Heggem,NOR,DF,33.07,475,141,51748.22,https://www.fifa.com/en/tournaments/mens/worldcup/canadamexicousa2026/statistics/player-statistics,2026-08-31
257,Sontje Hansen,CUW,FW,33.07,59,26,4910.75,https://www.fifa.com/en/tournaments/mens/worldcup/canadamexicousa2026/statistics/player-statistics,2026-08-31
258,Brahim Diaz,MAR,FW,33.07,524,225,49004.01,https://www.fifa.com/en/tournaments/mens/worldcup/canadamexicousa2026/statistics/player-statistics,2026-08-31
259,Declan Rice,ENG,MF,33.06,709,233,66754.62,https://www.fifa.com/en/tournaments/mens/worldcup/canadamexicousa2026/statistics/player-statistics,2026-08-31
260,Sultan Mandash,KSA,FW,33.05,107,50,8464.47,https://www.fifa.com/en/tournaments/mens/worldcup/canadamexicousa2026/statistics/player-statistics,2026-08-31
261,Thomas Meunier,BEL,DF,33.04,363,157,27147.57,https://www.fifa.com/en/tournaments/mens/worldcup/canadamexicousa2026/statistics/player-statistics,2026-08-31
262,Rafik Belghali,ALG,DF,33.04,480,170,38083.65,https://www.fifa.com/en/tournaments/mens/worldcup/canadamexicousa2026/statistics/player-statistics,2026-08-31
263,Marawan Attia,EGY,MF,33.03,829,260,56580.27,https://www.fifa.com/en/tournaments/mens/worldcup/canadamexicousa2026/statistics/player-statistics,2026-08-31
264,Florian Wirtz,GER,MF,33.03,653,229,46415.88,https://www.fifa.com/en/tournaments/mens/worldcup/canadamexicousa2026/statistics/player-statistics,2026-08-31
265,Aymeric Laporte,ESP,DF,33.02,695,204,79572.1,https://www.fifa.com/en/tournaments/mens/worldcup/canadamexicousa2026/statistics/player-statistics,2026-08-31
266,Mark Mckenzie,USA,DF,33.02,148,50,11338,https://www.fifa.com/en/tournaments/mens/worldcup/canadamexicousa2026/statistics/player-statistics,2026-08-31
267,Abdoulaye Seck,SEN,DF,33.02,51,16,6142.53,https://www.fifa.com/en/tournaments/mens/worldcup/canadamexicousa2026/statistics/player-statistics,2026-08-31
268,Julian Quinones,MEX,FW,33.01,581,251,47274.89,https://www.fifa.com/en/tournaments/mens/worldcup/canadamexicousa2026/statistics/player-statistics,2026-08-31
269,Tshepang Moremi,RSA,FW,33.01,67,41,5585.39,https://www.fifa.com/en/tournaments/mens/worldcup/canadamexicousa2026/statistics/player-statistics,2026-08-31
270,Bukayo Saka,ENG,FW,33.01,518,213,42010.73,https://www.fifa.com/en/tournaments/mens/worldcup/canadamexicousa2026/statistics/player-statistics,2026-08-31
271,Pavel Sulc,CZE,FW,33,338,102,22856.82,https://www.fifa.com/en/tournaments/mens/worldcup/canadamexicousa2026/statistics/player-statistics,2026-08-31
272,Erik Lira,MEX,MF,33,497,137,43502.52,https://www.fifa.com/en/tournaments/mens/worldcup/canadamexicousa2026/statistics/player-statistics,2026-08-31
273,Ermedin Demirovic,BIH,FW,32.99,375,176,40423.23,https://www.fifa.com/en/tournaments/mens/worldcup/canadamexicousa2026/statistics/player-statistics,2026-08-31
274,Sebastian Caceres,URU,DF,32.97,303,98,30359.66,https://www.fifa.com/en/tournaments/mens/worldcup/canadamexicousa2026/statistics/player-statistics,2026-08-31
275,Warren Zaire Emery,FRA,MF,32.97,182,63,14041.34,https://www.fifa.com/en/tournaments/mens/worldcup/canadamexicousa2026/statistics/player-statistics,2026-08-31
276,Tsuyoshi Watanabe,JPN,DF,32.93,100,28,9543.84,https://www.fifa.com/en/tournaments/mens/worldcup/canadamexicousa2026/statistics/player-statistics,2026-08-31
277,Kai Havertz,GER,FW,32.93,577,202,44897.03,https://www.fifa.com/en/tournaments/mens/worldcup/canadamexicousa2026/statistics/player-statistics,2026-08-31
278,Michael Boxall,NZL,DF,32.92,181,75,22180.78,https://www.fifa.com/en/tournaments/mens/worldcup/canadamexicousa2026/statistics/player-statistics,2026-08-31
279,Sebastian Tounekti,TUN,MF,32.92,146,55,11128.49,https://www.fifa.com/en/tournaments/mens/worldcup/canadamexicousa2026/statistics/player-statistics,2026-08-31
280,Lamine Yamal,ESP,FW,32.92,559,262,64219.36,https://www.fifa.com/en/tournaments/mens/worldcup/canadamexicousa2026/statistics/player-statistics,2026-08-31
281,Aziz Behich,AUS,DF,32.92,341,105,26853.33,https://www.fifa.com/en/tournaments/mens/worldcup/canadamexicousa2026/statistics/player-statistics,2026-08-31
282,Fredrik Aursnes,NOR,MF,32.9,571,173,40597.72,https://www.fifa.com/en/tournaments/mens/worldcup/canadamexicousa2026/statistics/player-statistics,2026-08-31
283,Marc Guehi,ENG,DF,32.9,660,203,70981.57,https://www.fifa.com/en/tournaments/mens/worldcup/canadamexicousa2026/statistics/player-statistics,2026-08-31
284,Ali Nemati,IRN,DF,32.9,369,108,31613.92,https://www.fifa.com/en/tournaments/mens/worldcup/canadamexicousa2026/statistics/player-statistics,2026-08-31
285,Jonathan Tah,GER,DF,32.9,392,119,42610.17,https://www.fifa.com/en/tournaments/mens/worldcup/canadamexicousa2026/statistics/player-statistics,2026-08-31
286,Noah Okafor,SUI,FW,32.89,38,11,2914.43,https://www.fifa.com/en/tournaments/mens/worldcup/canadamexicousa2026/statistics/player-statistics,2026-08-31
287,Cesar Blackman,PAN,DF,32.89,180,64,18333.59,https://www.fifa.com/en/tournaments/mens/worldcup/canadamexicousa2026/statistics/player-statistics,2026-08-31
288,Ange Yoan Bonny,CIV,FW,32.89,314,113,26951.82,https://www.fifa.com/en/tournaments/mens/worldcup/canadamexicousa2026/statistics/player-statistics,2026-08-31
289,Willian Pacho,ECU,DF,32.89,284,119,35347.02,https://www.fifa.com/en/tournaments/mens/worldcup/canadamexicousa2026/statistics/player-statistics,2026-08-31
290,Fiston Mayele,COD,FW,32.89,72,35,5777.74,https://www.fifa.com/en/tournaments/mens/worldcup/canadamexicousa2026/statistics/player-statistics,2026-08-31
291,Joao Cancelo,POR,DF,32.88,388,151,36826.9,https://www.fifa.com/en/tournaments/mens/worldcup/canadamexicousa2026/statistics/player-statistics,2026-08-31
292,Chadi Riad,MAR,DF,32.88,393,99,38595.32,https://www.fifa.com/en/tournaments/mens/worldcup/canadamexicousa2026/statistics/player-statistics,2026-08-31
293,Malik Tillman,USA,MF,32.88,607,215,44391.65,https://www.fifa.com/en/tournaments/mens/worldcup/canadamexicousa2026/statistics/player-statistics,2026-08-31
294,Haissem Hassan,EGY,FW,32.88,184,62,15396.81,https://www.fifa.com/en/tournaments/mens/worldcup/canadamexicousa2026/statistics/player-statistics,2026-08-31
295,Hiroki Ito,JPN,DF,32.88,358,119,39533.62,https://www.fifa.com/en/tournaments/mens/worldcup/canadamexicousa2026/statistics/player-statistics,2026-08-31
296,Martin Experience,HAI,DF,32.86,447,187,33997.02,https://www.fifa.com/en/tournaments/mens/worldcup/canadamexicousa2026/statistics/player-statistics,2026-08-31
297,Maxim De Cuyper,BEL,DF,32.86,653,234,54016.4,https://www.fifa.com/en/tournaments/mens/worldcup/canadamexicousa2026/statistics/player-statistics,2026-08-31
298,Abdul Fatawu,GHA,FW,32.86,211,93,16816.62,https://www.fifa.com/en/tournaments/mens/worldcup/canadamexicousa2026/statistics/player-statistics,2026-08-31
299,Yang Hyunjun,KOR,MF,32.85,37,21,2936.45,https://www.fifa.com/en/tournaments/mens/worldcup/canadamexicousa2026/statistics/player-statistics,2026-08-31
300,Steve Kapuadi,COD,DF,32.84,211,60,19496.83,https://www.fifa.com/en/tournaments/mens/worldcup/canadamexicousa2026/statistics/player-statistics,2026-08-31
301,Jacob Italiano,AUS,DF,32.82,279,121,20985.37,https://www.fifa.com/en/tournaments/mens/worldcup/canadamexicousa2026/statistics/player-statistics,2026-08-31
302,Fabian Rieder,SUI,MF,32.82,566,179,38929.3,https://www.fifa.com/en/tournaments/mens/worldcup/canadamexicousa2026/statistics/player-statistics,2026-08-31
303,Carlos Harvey,PAN,DF,32.82,446,118,33573.58,https://www.fifa.com/en/tournaments/mens/worldcup/canadamexicousa2026/statistics/player-statistics,2026-08-31
304,Andreas Schjelderup,NOR,MF,32.81,384,137,31621.18,https://www.fifa.com/en/tournaments/mens/worldcup/canadamexicousa2026/statistics/player-statistics,2026-08-31
305,Elliot Stroud,SWE,DF,32.8,251,94,20520.74,https://www.fifa.com/en/tournaments/mens/worldcup/canadamexicousa2026/statistics/player-statistics,2026-08-31
306,Ederson Silva,BRA,MF,32.79,63,33,4509.03,https://www.fifa.com/en/tournaments/mens/worldcup/canadamexicousa2026/statistics/player-statistics,2026-08-31
307,Luc De Fougerolles,CAN,DF,32.79,528,174,44379.43,https://www.fifa.com/en/tournaments/mens/worldcup/canadamexicousa2026/statistics/player-statistics,2026-08-31
308,Aiden Oneill,AUS,MF,32.78,648,186,47323.13,https://www.fifa.com/en/tournaments/mens/worldcup/canadamexicousa2026/statistics/player-statistics,2026-08-31
309,Redouane Halhal,MAR,DF,32.78,154,62,19377.5,https://www.fifa.com/en/tournaments/mens/worldcup/canadamexicousa2026/statistics/player-statistics,2026-08-31
310,Kento Shiogai,JPN,FW,32.77,20,11,1755.39,https://www.fifa.com/en/tournaments/mens/worldcup/canadamexicousa2026/statistics/player-statistics,2026-08-31
311,Lee Gihyuk,KOR,MF,32.76,388,125,30898.48,https://www.fifa.com/en/tournaments/mens/worldcup/canadamexicousa2026/statistics/player-statistics,2026-08-31
312,Jules Kounde,FRA,DF,32.76,834,323,69981.25,https://www.fifa.com/en/tournaments/mens/worldcup/canadamexicousa2026/statistics/player-statistics,2026-08-31
313,Krepin Diatta,SEN,DF,32.75,467,164,45457.47,https://www.fifa.com/en/tournaments/mens/worldcup/canadamexicousa2026/statistics/player-statistics,2026-08-31
314,Xaver Schlager,AUT,MF,32.74,371,91,28614.03,https://www.fifa.com/en/tournaments/mens/worldcup/canadamexicousa2026/statistics/player-statistics,2026-08-31
315,Azarias Londono,PAN,FW,32.74,100,41,8536.29,https://www.fifa.com/en/tournaments/mens/worldcup/canadamexicousa2026/statistics/player-statistics,2026-08-31
316,Trezeguet,EGY,FW,32.73,331,136,23437.67,https://www.fifa.com/en/tournaments/mens/worldcup/canadamexicousa2026/statistics/player-statistics,2026-08-31
317,Saud Abdulhamid,KSA,DF,32.72,324,150,29778.02,https://www.fifa.com/en/tournaments/mens/worldcup/canadamexicousa2026/statistics/player-statistics,2026-08-31
318,Adam Hlozek,CZE,FW,32.72,251,94,19420.45,https://www.fifa.com/en/tournaments/mens/worldcup/canadamexicousa2026/statistics/player-statistics,2026-08-31
319,Ibrahim Maza,ALG,MF,32.71,524,152,44461.44,https://www.fifa.com/en/tournaments/mens/worldcup/canadamexicousa2026/statistics/player-statistics,2026-08-31
320,Joao Felix,POR,FW,32.71,276,94,23784.61,https://www.fifa.com/en/tournaments/mens/worldcup/canadamexicousa2026/statistics/player-statistics,2026-08-31
321,Jerome Opoku,GHA,DF,32.7,230,74,29365.82,https://www.fifa.com/en/tournaments/mens/worldcup/canadamexicousa2026/statistics/player-statistics,2026-08-31
322,Alexis Saelemaekers,BEL,MF,32.7,141,64,12229.42,https://www.fifa.com/en/tournaments/mens/worldcup/canadamexicousa2026/statistics/player-statistics,2026-08-31
323,Maximilian Beier,GER,FW,32.7,46,16,3573.92,https://www.fifa.com/en/tournaments/mens/worldcup/canadamexicousa2026/statistics/player-statistics,2026-08-31
324,Zizo,EGY,FW,32.69,101,50,9317.48,https://www.fifa.com/en/tournaments/mens/worldcup/canadamexicousa2026/statistics/player-statistics,2026-08-31
325,Fares Chaibi,ALG,MF,32.69,549,177,45534.2,https://www.fifa.com/en/tournaments/mens/worldcup/canadamexicousa2026/statistics/player-statistics,2026-08-31
326,Edmilson Junior,QAT,FW,32.68,290,97,23874.51,https://www.fifa.com/en/tournaments/mens/worldcup/canadamexicousa2026/statistics/player-statistics,2026-08-31
327,Jackson Porozo,ECU,DF,32.68,28,13,3226.38,https://www.fifa.com/en/tournaments/mens/worldcup/canadamexicousa2026/statistics/player-statistics,2026-08-31
328,Nicolas Seiwald,AUT,MF,32.68,491,132,39640.15,https://www.fifa.com/en/tournaments/mens/worldcup/canadamexicousa2026/statistics/player-statistics,2026-08-31
329,Lucas Herrington,AUS,DF,32.66,210,41,23286.35,https://www.fifa.com/en/tournaments/mens/worldcup/canadamexicousa2026/statistics/player-statistics,2026-08-31
330,Issa Diop,MAR,DF,32.66,413,102,48036.09,https://www.fifa.com/en/tournaments/mens/worldcup/canadamexicousa2026/statistics/player-statistics,2026-08-31
331,Diego Gomez,PAR,MF,32.65,492,179,37311.9,https://www.fifa.com/en/tournaments/mens/worldcup/canadamexicousa2026/statistics/player-statistics,2026-08-31
332,Jaouen Hadjam,ALG,DF,32.65,158,77,13663.53,https://www.fifa.com/en/tournaments/mens/worldcup/canadamexicousa2026/statistics/player-statistics,2026-08-31
333,Jorge Sanchez,MEX,DF,32.65,485,223,42619.96,https://www.fifa.com/en/tournaments/mens/worldcup/canadamexicousa2026/statistics/player-statistics,2026-08-31
334,Homam Ahmed,QAT,DF,32.64,157,57,13626.23,https://www.fifa.com/en/tournaments/mens/worldcup/canadamexicousa2026/statistics/player-statistics,2026-08-31
335,Juergen Locadia,CUW,FW,32.64,227,92,23793.05,https://www.fifa.com/en/tournaments/mens/worldcup/canadamexicousa2026/statistics/player-statistics,2026-08-31
336,Irfan Can Kahveci,TUR,FW,32.63,13,6,1019.59,https://www.fifa.com/en/tournaments/mens/worldcup/canadamexicousa2026/statistics/player-statistics,2026-08-31
337,Shuto Machino,JPN,FW,32.63,27,8,2487.67,https://www.fifa.com/en/tournaments/mens/worldcup/canadamexicousa2026/statistics/player-statistics,2026-08-31
338,Yukinari Sugawara,JPN,DF,32.63,195,72,18767.61,https://www.fifa.com/en/tournaments/mens/worldcup/canadamexicousa2026/statistics/player-statistics,2026-08-31
339,Lamine Camara,SEN,MF,32.63,453,176,31487.71,https://www.fifa.com/en/tournaments/mens/worldcup/canadamexicousa2026/statistics/player-statistics,2026-08-31
340,Timothy Castagne,BEL,DF,32.62,844,335,65175.17,https://www.fifa.com/en/tournaments/mens/worldcup/canadamexicousa2026/statistics/player-statistics,2026-08-31
341,Eray Coemert,SUI,DF,32.62,32,11,3959.81,https://www.fifa.com/en/tournaments/mens/worldcup/canadamexicousa2026/statistics/player-statistics,2026-08-31
342,Iliman Ndiaye,SEN,FW,32.61,188,74,14673.13,https://www.fifa.com/en/tournaments/mens/worldcup/canadamexicousa2026/statistics/player-statistics,2026-08-31
343,Alexander Isak,SWE,FW,32.61,346,155,35655.02,https://www.fifa.com/en/tournaments/mens/worldcup/canadamexicousa2026/statistics/player-statistics,2026-08-31
344,Nikola Vlasic,CRO,MF,32.61,263,96,22011.41,https://www.fifa.com/en/tournaments/mens/worldcup/canadamexicousa2026/statistics/player-statistics,2026-08-31
345,Nawaf Bu Washl,KSA,DF,32.59,105,56,10603.72,https://www.fifa.com/en/tournaments/mens/worldcup/canadamexicousa2026/statistics/player-statistics,2026-08-31
346,Lucas Bergvall,SWE,MF,32.58,283,89,23862.93,https://www.fifa.com/en/tournaments/mens/worldcup/canadamexicousa2026/statistics/player-statistics,2026-08-31
347,Marcos Llorente,ESP,DF,32.58,218,94,22236.39,https://www.fifa.com/en/tournaments/mens/worldcup/canadamexicousa2026/statistics/player-statistics,2026-08-31
348,Rodrigo Bentancur,URU,MF,32.57,352,145,33644.76,https://www.fifa.com/en/tournaments/mens/worldcup/canadamexicousa2026/statistics/player-statistics,2026-08-31
349,Juan Manuel Sanabria,URU,MF,32.57,320,129,25094.45,https://www.fifa.com/en/tournaments/mens/worldcup/canadamexicousa2026/statistics/player-statistics,2026-08-31
350,Enzo Fernandez,ARG,MF,32.56,1054,332,82828.98,https://www.fifa.com/en/tournaments/mens/worldcup/canadamexicousa2026/statistics/player-statistics,2026-08-31
